Wait,16:50:00,0:00:10
paper,16:50:10,0:00:05
go to fist,16:50:15,0:00:05
1-Gesture 1,16:50:20,0:00:05
1-Rest,16:50:25,0:00:05
1-Gesture 2,16:50:30,0:00:05
1-Rest,16:50:35,0:00:05
2-Gesture 1,16:50:40,0:00:05
2-Rest,16:50:45,0:00:05
2-Gesture 2,16:50:50,0:00:05
2-Rest,16:50:55,0:00:05
3-Gesture 1,16:51:00,0:00:05
3-Rest,16:51:05,0:00:05
3-Gesture 2,16:51:10,0:00:05
3-Rest,16:51:15,0:00:05
4-Gesture 1,16:51:20,0:00:05
4-Rest,16:51:25,0:00:05
4-Gesture 2,16:51:30,0:00:05
4-Rest,16:51:35,0:00:05
5-Gesture 1,16:51:40,0:00:05
5-Rest,16:51:45,0:00:05
5-Gesture 2,16:51:50,0:00:05
5-Rest,16:51:55,0:00:05
6-Gesture 1,16:52:00,0:00:05
6-Rest,16:52:05,0:00:05
6-Gesture 2,16:52:10,0:00:05
6-Rest,16:52:15,0:00:05
7-Gesture 1,16:52:20,0:00:05
7-Rest,16:52:25,0:00:05
7-Gesture 2,16:52:30,0:00:05
7-Rest,16:52:35,0:00:05
Stop,16:52:40,
Wait,16:50:00.006,29140,7097,2922,1683,993,1248,729,1538,1568,940,931,2487,3405,29184,29245,29250,29214,29280,1463,1300,2052,1467,1727,2623,1190,1186,988,984,1639,1709,29118,29113,2147483647,64707,48,535,5228,7341,2476,52079,0,3,3,2
Wait,16:50:00.104,29083,7048,2939,1735,988,1265,808,1511,1560,918,962,2518,3392,29197,29298,29258,29236,29250,1454,1327,2078,1467,1749,2641,1199,1177,1028,988,1604,1735,29118,29122,2147483647,64707,44,536,5228,7341,2476,52079,0,3,3,2
Wait,16:50:00.214,29228,7070,2895,1757,993,1331,826,1538,1582,936,944,2496,3383,29157,29162,29069,29069,29210,1494,1362,2083,1476,1740,2649,1177,1182,1001,966,1608,1669,29214,29206,2147483647,64716,43,534,5230,7340,2479,52080,0,3,3,2
Wait,16:50:00.304,29074,7101,2909,1735,984,1270,769,1507,1577,896,940,2474,3423,29201,29293,29228,29192,29258,1476,1322,2034,1480,1691,2645,1190,1199,1032,944,1621,1705,29074,29109,2147483647,64712,49,540,5233,7338,2479,52080,0,3,3,2
Wait,16:50:00.407,29122,7075,2922,1753,940,1283,764,1524,1538,905,949,2487,3366,29263,29276,29210,29285,29267,1476,1318,2069,1472,1722,2636,1151,1190,1015,949,1621,1696,29061,29078,2147483647,64714,51,535,5239,7342,2474,52084,0,3,3,2
Wait,16:50:00.505,29100,7110,2935,1766,993,1270,791,1507,1564,883,940,2474,3379,29250,29263,29214,29276,29192,1463,1256,2056,1489,1731,2685,1173,1186,975,993,1634,1705,29100,29069,2147483647,64708,50,537,5240,7350,2472,52088,0,3,3,2
Wait,16:50:00.680,29148,7070,2878,1740,962,1283,791,1507,1595,896,918,2500,3335,29214,29175,29188,29232,29197,1480,1305,2069,1494,1731,2597,1212,1195,1006,966,1656,1722,29184,29144,2147483647,64710,48,538,5241,7354,2470,52090,0,3,3,2
Wait,16:50:00.708,29109,7119,2887,1784,984,1309,795,1502,1568,900,953,2430,3344,29219,29241,29258,29263,29258,1441,1313,2034,1489,1691,2667,1173,1195,988,962,1634,1691,29096,29135,2147483647,64710,48,532,5237,7353,2471,52089,0,3,3,2
Wait,16:50:00.880,29206,7066,2913,1749,1010,1287,760,1524,1546,905,949,2430,3401,29254,29254,29267,29214,29250,1480,1256,2078,1494,1718,2649,1177,1248,997,958,1604,1709,29100,29065,2147483647,64715,50,531,5233,7353,2470,52087,0,3,3,2
Wait,16:50:00.980,29175,7066,2935,1749,1019,1278,826,1533,1568,874,931,2438,3348,29245,29276,29175,29170,29263,1472,1322,2034,1445,1691,2658,1217,1212,979,949,1599,1718,29104,29162,2147483647,64711,49,536,5235,7354,2465,52087,0,3,3,2
Wait,16:50:01.091,29131,7088,2931,1784,966,1305,821,1533,1604,922,936,2443,3339,29232,29210,29206,29197,29236,1472,1283,2034,1476,1674,2654,1195,1190,1028,958,1617,1696,29087,29074,2147483647,64711,49,525,5233,7352,2454,52083,0,3,3,2
Wait,16:50:01.114,29228,7083,2904,1792,966,1296,782,1564,1551,870,940,2500,3375,29157,29135,29245,29188,29157,1454,1283,2083,1441,1784,2641,1204,1195,1010,984,1612,1727,29192,29184,2147483647,64703,53,543,5235,7352,2450,52083,0,3,3,2
Wait,16:50:01.280,29096,7092,2926,1722,971,1287,795,1511,1586,900,909,2478,3396,29219,29254,29214,29206,29228,1450,1291,2096,1494,1727,2623,1204,1234,1041,979,1582,1700,29039,29157,2147483647,64709,50,537,5237,7351,2449,52084,0,3,3,2
Wait,16:50:01.380,29188,7066,2939,1762,984,1283,795,1524,1577,896,953,2465,3366,29219,29223,29201,29188,29210,1432,1287,2065,1463,1740,2610,1164,1208,1010,966,1634,1687,29126,29179,2147483647,64715,44,534,5234,7349,2454,52082,0,3,3,2
Wait,16:50:01.404,29056,7048,2878,1735,988,1300,782,1520,1586,909,958,2443,3322,29223,29228,29210,29250,29197,1445,1274,2030,1485,1709,2627,1177,1204,971,988,1612,1687,29131,29096,2147483647,64709,49,535,5233,7344,2452,52079,0,3,3,2
Wait,16:50:01.508,29100,7092,2860,1762,979,1283,799,1533,1568,922,962,2469,3344,29250,29271,29206,29258,29170,1445,1309,2052,1480,1709,2605,1221,1217,1001,962,1621,1687,29170,29144,2147483647,64706,45,534,5236,7340,2450,52077,0,3,3,2
Wait,16:50:01.680,29126,7053,2904,1713,993,1287,799,1573,1560,936,949,2452,3353,29179,29228,29184,29157,29197,1445,1296,2061,1485,1722,2667,1186,1221,984,962,1639,1691,29096,29100,2147483647,64709,47,539,5230,7338,2453,52074,0,3,3,2
Wait,16:50:01.780,29122,7075,2891,1744,966,1283,782,1546,1564,931,931,2482,3379,29236,29206,29236,29254,29223,1445,1327,2034,1476,1718,2654,1190,1208,1054,993,1590,1775,29192,29118,2147483647,64709,48,537,5220,7335,2458,52070,0,3,3,2
Wait,16:50:01.881,29122,7057,2904,1788,1010,1283,821,1551,1546,900,940,2491,3348,29241,29219,29219,29258,29162,1441,1309,2061,1489,1762,2605,1173,1208,975,953,1604,1661,29144,29104,2147483647,64710,46,532,5213,7330,2461,52064,0,3,3,2
Wait,16:50:01.980,29126,7062,2922,1740,958,1296,812,1560,1529,918,962,2438,3375,29192,29206,29210,29184,29245,1489,1313,2078,1489,1744,2658,1199,1177,1001,979,1639,1718,29175,29091,2147483647,64713,47,538,5213,7326,2460,52062,0,3,3,2
Wait,16:50:02.003,29078,7066,2900,1797,958,1270,764,1551,1564,922,949,2474,3357,29179,29192,29210,29175,29223,1467,1331,2047,1511,1713,2654,1199,1199,975,988,1630,1700,29166,29126,2147483647,64710,46,539,5213,7324,2457,52060,0,3,3,2
Wait,16:50:02.102,29140,7053,2939,1718,949,1296,791,1564,1560,900,931,2482,3370,29179,29245,29214,29197,29250,1489,1305,2109,1529,1718,2619,1208,1195,1001,988,1577,1691,29179,29131,2147483647,64709,45,533,5213,7323,2456,52060,0,3,3,2
Wait,16:50:02.208,29113,7035,2882,1766,971,1305,760,1516,1555,887,936,2443,3339,29144,29214,29214,29210,29228,1458,1305,2065,1472,1731,2614,1204,1199,1023,997,1595,1749,29140,29087,2147483647,64714,49,537,5213,7321,2456,52059,0,3,3,2
Wait,16:50:02.306,29126,7075,2874,1731,953,1270,786,1542,1564,922,949,2465,3344,29153,29228,29232,29219,29232,1445,1291,2025,1485,1700,2597,1190,1199,1041,958,1634,1652,29126,29140,2147483647,64710,45,540,5214,7319,2457,52058,0,3,3,2
Wait,16:50:02.500,29113,7048,2856,1749,988,1270,764,1507,1582,896,940,2478,3375,29135,29188,29179,29232,29188,1467,1296,2065,1502,1687,2636,1182,1248,997,971,1608,1687,29104,29096,2147483647,64711,44,539,5214,7315,2455,52056,0,3,3,2
Wait,16:50:02.581,29197,7097,2926,1757,984,1274,791,1533,1542,914,953,2487,3383,29302,29250,29289,29280,29214,1494,1322,2047,1485,1709,2632,1177,1186,1006,966,1652,1718,29113,29162,2147483647,64710,44,542,5215,7313,2455,52055,0,3,3,2
Wait,16:50:02.681,29091,7075,2895,1749,1006,1270,791,1542,1560,905,922,2438,3366,29148,29219,29236,29293,29206,1458,1265,2078,1485,1713,2605,1173,1190,1019,997,1595,1700,29179,29126,2147483647,64709,45,537,5215,7312,2454,52055,0,3,3,2
Wait,16:50:02.913,29153,7040,2878,1744,966,1283,782,1533,1595,936,984,2456,3392,29078,29162,29241,29254,29223,1450,1318,2025,1520,1753,2649,1151,1195,984,1006,1612,1700,29118,29122,2147483647,64710,45,540,5213,7309,2463,52054,0,3,3,2
Wait,16:50:03.105,29069,7057,2860,1753,962,1274,777,1533,1502,883,922,2474,3317,29047,29236,29258,29271,29263,1485,1313,2061,1507,1740,2592,1173,1208,1037,975,1599,1687,29162,29083,2147483647,64710,45,532,5218,7307,2472,52056,0,3,3,2
Wait,16:50:03.281,29135,7048,2904,1735,984,1287,777,1533,1546,896,936,2491,3313,29087,29179,29210,29285,29175,1476,1300,2074,1454,1722,2641,1199,1182,1006,971,1604,1683,29144,29096,2147483647,64712,42,532,5219,7312,2472,52059,0,3,3,2
Wait,16:50:03.306,29109,7070,2900,1753,966,1287,777,1516,1555,958,958,2434,3331,29135,29245,29293,29267,29219,1450,1291,2065,1511,1709,2627,1173,1212,1010,988,1617,1705,29144,29131,2147483647,64711,44,537,5220,7318,2471,52063,0,3,3,2
Wait,16:50:03.405,29061,7088,2913,1775,975,1287,782,1546,1582,944,962,2504,3339,29170,29201,29236,29258,29170,1458,1322,2052,1494,1674,2632,1208,1199,979,971,1665,1661,29162,29096,2147483647,64713,40,537,5220,7323,2470,52066,0,3,3,2
Wait,16:50:03.580,29126,7057,2895,1766,975,1270,799,1516,1595,883,953,2478,3339,29069,29236,29267,29236,29197,1437,1283,2061,1476,1740,2654,1168,1186,975,1001,1647,1674,29170,29170,2147483647,64713,41,534,5221,7326,2471,52067,0,3,3,2
Wait,16:50:03.681,29122,7048,2887,1753,997,1305,826,1538,1568,896,966,2469,3313,29118,29210,29241,29197,29201,1432,1278,2039,1441,1700,2636,1173,1204,1010,984,1608,1691,29166,29091,2147483647,64708,50,536,5222,7327,2470,52068,0,3,3,2
Wait,16:50:03.705,29096,7053,2887,1722,979,1256,812,1502,1555,896,979,2443,3331,29061,29184,29223,29219,29245,1476,1274,2056,1502,1705,2645,1182,1217,1015,1023,1577,1700,29223,29126,2147483647,64707,46,537,5224,7325,2466,52067,0,3,3,2
Wait,16:50:03.880,29162,7097,2900,1740,971,1265,786,1542,1564,909,958,2452,3335,29223,29236,29241,29214,29153,1489,1318,2039,1472,1770,2610,1190,1199,988,962,1617,1731,29166,29148,2147483647,64709,47,540,5226,7323,2461,52066,0,3,3,2
Wait,16:50:03.991,29166,7062,2887,1775,953,1283,742,1520,1568,922,918,2478,3339,29192,29219,29166,29219,29232,1489,1296,2017,1485,1709,2636,1221,1204,1006,962,1621,1705,29148,29140,2147483647,64706,43,536,5226,7323,2457,52065,0,3,3,2
Wait,16:50:04.091,29153,7048,2904,1779,962,1283,760,1533,1546,900,971,2460,3366,29184,29166,29078,29126,29170,1450,1278,2069,1432,1718,2605,1177,1160,1015,984,1656,1709,29074,29162,2147483647,64712,42,540,5226,7319,2455,52063,0,3,3,2
Wait,16:50:04.181,29148,7110,2895,1749,971,1309,773,1538,1577,870,971,2456,3379,29184,29157,29100,29109,29192,1458,1287,2039,1489,1709,2614,1160,1186,1006,993,1608,1696,29219,29148,2147483647,64713,42,544,5227,7317,2453,52061,0,3,3,2
Wait,16:50:04.280,29236,7048,2909,1757,953,1327,812,1507,1551,918,949,2425,3339,29201,29232,29232,29236,29197,1485,1313,2074,1476,1691,2619,1199,1234,1001,962,1643,1696,29188,29188,2147483647,64708,43,541,5228,7318,2454,52063,0,3,3,2
Wait,16:50:04.305,29157,7079,2891,1753,993,1274,812,1546,1573,870,940,2474,3366,29109,29166,29166,29241,29184,1498,1327,2078,1485,1718,2605,1204,1160,1019,988,1621,1687,29228,29184,2147483647,64713,43,538,5228,7316,2453,52061,0,3,3,2
Wait,16:50:04.404,29201,7070,2865,1744,979,1291,804,1529,1564,931,971,2456,3366,29184,29201,29192,29214,29179,1485,1309,2052,1494,1731,2645,1160,1221,1015,940,1639,1722,29263,29214,2147483647,64711,48,541,5230,7316,2453,52062,0,3,3,2
Wait,16:50:04.580,29201,7066,2860,1740,975,1270,791,1507,1551,887,931,2416,3335,29223,29153,29074,29034,29162,1538,1291,2025,1485,1700,2698,1199,1168,1041,984,1634,1700,29228,29228,2147483647,64712,45,538,5231,7318,2451,52063,0,3,3,2
Wait,16:50:04.604,29197,7062,2895,1757,993,1278,786,1542,1568,896,984,2443,3322,29210,29236,29214,29219,29188,1463,1265,2039,1480,1727,2645,1182,1199,1059,997,1630,1709,29201,29206,2147483647,64713,40,536,5231,7318,2450,52064,0,3,3,2
Wait,16:50:04.714,29219,7070,2860,1762,979,1327,791,1516,1582,931,975,2456,3339,29219,29201,29131,29104,29263,1441,1291,2104,1467,1735,2610,1182,1252,1001,984,1604,1713,29135,29214,2147483647,64715,44,541,5232,7319,2449,52064,0,3,3,2
Wait,16:50:04.881,29206,7079,2895,1779,1019,1283,799,1520,1551,896,975,2443,3370,29166,29034,29188,29219,29126,1489,1305,2100,1458,1749,2645,1164,1256,993,927,1643,1722,29236,29214,2147483647,64708,43,536,5233,7316,2449,52063,0,3,3,2
Wait,16:50:04.980,29184,7062,2874,1792,966,1318,791,1516,1533,918,966,2443,3361,29179,29219,29219,29219,29188,1441,1283,2096,1454,1740,2588,1190,1226,1001,993,1621,1691,29109,29162,2147483647,64712,40,541,5232,7313,2448,52061,0,3,3,2
Wait,16:50:05.080,29236,7097,2860,1762,966,1270,804,1489,1560,931,931,2500,3379,29232,29074,29232,29219,29003,1458,1291,2078,1472,1722,2623,1204,1190,1001,940,1608,1683,29175,29232,2147483647,64714,40,539,5229,7312,2449,52059,0,3,3,2
Wait,16:50:05.181,29122,7062,2891,1731,971,1265,760,1529,1538,905,927,2452,3357,29184,29087,29184,29184,29104,1415,1287,2061,1502,1770,2636,1226,1155,997,966,1647,1696,29192,29188,2147483647,64710,40,536,5229,7311,2449,52059,0,3,3,2
Wait,16:50:05.281,29113,7062,2917,1740,966,1252,795,1520,1546,861,936,2443,3366,29179,29061,29214,29184,29008,1463,1296,2078,1485,1700,2614,1186,1212,979,940,1595,1696,29118,29184,2147483647,64711,46,539,5231,7312,2452,52060,0,3,3,2
Wait,16:50:05.380,29170,7048,2913,1762,988,1300,786,1573,1546,922,949,2452,3335,29135,29113,29214,29210,29065,1445,1291,2069,1507,1749,2663,1173,1217,988,953,1617,1674,29197,29184,2147483647,64711,39,536,5232,7311,2455,52060,0,3,3,2
Wait,16:50:05.404,29153,7066,2882,1749,971,1305,795,1538,1582,936,927,2482,3357,29179,29144,29201,29223,29153,1454,1283,2056,1485,1691,2592,1199,1190,997,975,1630,1705,29166,29157,2147483647,64712,41,536,5235,7309,2460,52061,0,3,3,2
Wait,16:50:05.581,29175,7066,2874,1766,953,1243,760,1533,1533,922,914,2469,3309,29096,29135,29228,29192,29056,1463,1261,2047,1494,1735,2623,1204,1190,1015,1001,1612,1700,29131,29201,2147483647,64712,43,542,5235,7309,2460,52061,0,3,3,2
Wait,16:50:05.680,29192,7070,2887,1740,966,1318,821,1533,1551,918,909,2430,3344,29192,29135,29184,29197,29074,1463,1291,2052,1494,1727,2619,1186,1221,1010,958,1625,1709,29197,29201,2147483647,64713,41,536,5236,7307,2462,52061,0,3,3,2
Wait,16:50:05.780,29254,7083,2887,1770,966,1274,786,1529,1555,892,909,2430,3392,29140,29126,29201,29232,29122,1458,1291,2056,1454,1731,2623,1151,1195,1001,962,1595,1687,29206,29228,2147483647,64711,42,536,5236,7307,2462,52061,0,3,3,2
Wait,16:50:05.881,29188,7026,2834,1775,975,1322,773,1520,1516,936,949,2487,3313,29175,29078,29236,29250,29170,1428,1327,2065,1476,1705,2636,1177,1182,993,979,1634,1713,29148,29219,2147483647,64712,40,538,5236,7307,2462,52061,0,3,3,2
Wait,16:50:05.909,29245,7079,2891,1757,966,1300,799,1511,1546,922,936,2456,3396,29184,29069,29293,29228,29118,1472,1291,2052,1485,1709,2583,1190,1208,1001,966,1625,1683,29192,29263,2147483647,64711,42,538,5236,7305,2461,52060,0,3,3,2
Wait,16:50:06.007,29166,7044,2882,1731,979,1248,773,1524,1564,949,936,2456,3374,29157,29091,29197,29206,29056,1476,1278,2074,1467,1744,2592,1208,1217,979,1001,1612,1700,29223,29210,2147483647,64716,45,536,5238,7301,2460,52058,0,3,3,2
Wait,16:50:06.113,29201,7083,2909,1740,984,1270,755,1590,1542,856,918,2469,3361,29201,29201,29096,29113,29197,1458,1309,2043,1480,1744,2627,1173,1204,1001,1006,1582,1722,29157,29192,2147483647,64709,44,536,5235,7299,2459,52056,0,3,3,2
Wait,16:50:06.281,29188,7079,2874,1762,1001,1327,799,1533,1555,922,944,2469,3370,29135,29140,29236,29241,29096,1467,1300,2104,1485,1696,2562,1173,1195,997,1001,1612,1700,29135,29228,2147483647,64713,44,536,5234,7302,2458,52057,0,3,3,2
Wait,16:50:06.381,29210,7044,2887,1740,1010,1287,764,1524,1577,887,944,2452,3383,29197,29096,29201,29188,29003,1472,1313,2061,1463,1727,2641,1151,1221,1001,966,1608,1722,29087,29245,2147483647,64719,38,537,5225,7303,2462,52055,0,3,3,2
Wait,16:50:06.404,29219,7114,2922,1735,958,1313,791,1524,1546,905,931,2460,3317,29179,29034,29188,29214,29030,1494,1305,2069,1476,1749,2610,1177,1212,988,958,1617,1700,29157,29223,2147483647,64704,39,539,5225,7305,2462,52056,0,3,3,2
Wait,16:50:06.581,29206,7048,2900,1727,993,1278,795,1516,1564,878,971,2438,3326,29148,29091,29219,29254,29179,1458,1313,2065,1494,1731,2654,1168,1190,1001,984,1599,1669,29096,29192,2147483647,64711,39,539,5219,7307,2464,52055,0,3,3,2
Wait,16:50:06.681,29175,7026,2891,1744,958,1296,769,1524,1573,900,958,2465,3370,29153,29118,29188,29162,29170,1450,1278,2074,1441,1718,2619,1160,1212,1037,975,1586,1709,29118,29175,2147483647,64710,38,542,5216,7309,2466,52056,0,3,3,2
Wait,16:50:06.706,29228,7048,2900,1762,979,1305,764,1524,1524,918,958,2452,3383,29153,29162,29166,29210,29197,1441,1313,2074,1480,1731,2605,1190,1195,1028,984,1612,1700,29126,29236,2147483647,64712,39,539,5217,7310,2465,52056,0,3,3,2
Wait,16:50:06.804,29201,7062,2895,1753,953,1278,782,1524,1608,958,962,2478,3396,29148,29188,29192,29236,29179,1511,1300,2069,1458,1744,2641,1204,1221,1032,971,1617,1661,29091,29170,2147483647,64707,39,535,5216,7313,2465,52058,0,3,3,2
Wait,16:50:06.991,29285,7075,2878,1735,971,1256,773,1494,1546,918,905,2434,3344,29232,29087,29096,29030,29140,1458,1322,2047,1467,1744,2592,1199,1168,975,962,1625,1709,29135,29236,2147483647,64714,39,538,5217,7316,2464,52059,0,3,3,2
Wait,16:50:07.018,29122,7066,2900,1757,971,1309,786,1516,1617,892,962,2474,3388,29232,29179,29179,29201,29232,1454,1274,2025,1467,1678,2632,1195,1190,1023,944,1621,1691,29153,29201,2147483647,64713,38,540,5217,7318,2463,52060,0,3,3,2
Wait,16:50:07.180,29236,7057,2895,1749,962,1270,755,1529,1577,900,949,2438,3331,29223,29162,29210,29228,29144,1428,1313,2021,1463,1687,2619,1173,1195,1015,931,1634,1731,29188,29170,2147483647,64714,43,539,5214,7319,2465,52060,0,3,3,2
Wait,16:50:07.205,29162,7048,2882,1744,958,1283,782,1524,1560,922,936,2421,3379,29096,29175,29184,29157,29175,1467,1300,2065,1485,1709,2597,1195,1199,997,993,1630,1705,29232,29170,2147483647,64715,39,540,5214,7318,2465,52059,0,3,3,2
Wait,16:50:07.506,29254,7070,2917,1753,993,1265,760,1520,1560,922,944,2491,3410,29170,29179,29166,29175,29153,1467,1291,2021,1450,1727,2601,1190,1186,988,958,1608,1718,29109,29219,2147483647,64711,37,541,5215,7313,2463,52057,0,3,3,2
Wait,16:50:07.791,29184,7040,2891,1749,966,1291,755,1524,1551,896,940,2460,3313,29118,29148,29175,29153,29179,1472,1318,2030,1480,1722,2579,1204,1177,1045,953,1625,1713,29166,29184,2147483647,64707,40,542,5215,7313,2463,52057,0,3,3,2
Wait,16:50:07.891,29179,7062,2865,1766,971,1305,795,1538,1582,900,962,2425,3339,29144,29184,29214,29192,29188,1463,1274,2052,1445,1713,2588,1182,1190,975,988,1634,1678,29201,29188,2147483647,64712,40,538,5216,7310,2462,52055,0,3,3,2
Wait,16:50:07.918,29250,7079,2878,1727,962,1243,760,1507,1524,922,984,2447,3300,29241,29258,29254,29219,29219,1467,1327,2056,1494,1705,2671,1186,1182,1019,962,1625,1678,28990,29197,2147483647,64712,42,537,5216,7310,2462,52055,0,3,3,2
Wait,16:50:08.091,29170,7044,2878,1731,1015,1252,773,1573,1542,892,975,2434,3383,29096,29175,28990,29047,29170,1467,1327,2056,1445,1713,2619,1186,1182,984,984,1621,1731,29131,29223,2147483647,64710,39,541,5216,7310,2462,52055,0,3,3,2
Wait,16:50:08.181,29179,7053,2856,1735,966,1344,764,1538,1577,892,936,2395,3353,29223,29206,29192,29280,29214,1480,1278,2047,1498,1678,2645,1204,1199,1028,993,1647,1718,29091,29197,2147483647,64714,36,543,5216,7310,2462,52055,0,3,3,2
Wait,16:50:08.291,29241,7079,2887,1740,993,1296,795,1560,1555,909,944,2469,3379,29162,29179,28990,29065,29170,1489,1309,2047,1502,1705,2583,1186,1221,1006,958,1630,1683,29144,29245,2147483647,64712,38,538,5216,7311,2462,52056,0,3,3,2
Wait,16:50:08.333,29153,7040,2900,1762,953,1265,795,1507,1511,918,958,2443,3392,29197,29210,29188,29232,29162,1437,1322,1999,1472,1731,2645,1182,1226,1019,958,1617,1713,29118,29197,2147483647,64713,43,535,5216,7311,2462,52056,0,3,3,2
Wait,16:50:08.405,29175,7057,2869,1744,984,1283,812,1520,1516,892,914,2456,3317,29144,29175,29131,29175,29148,1437,1270,2034,1458,1749,2636,1168,1212,979,958,1647,1727,29184,29210,2147483647,64707,38,536,5216,7311,2462,52056,0,3,3,2
Wait,16:50:08.513,29162,7097,2869,1766,993,1291,777,1529,1577,900,949,2456,3370,29175,29210,29241,29236,29263,1463,1340,2078,1529,1700,2605,1195,1234,1010,940,1568,1735,29047,29166,2147483647,64708,39,536,5220,7312,2460,52057,0,3,3,2
Wait,16:50:08.604,29201,7013,2834,1757,984,1261,834,1551,1577,914,962,2456,3361,29135,29170,29083,29109,29210,1441,1283,2052,1476,1727,2588,1177,1186,1015,1019,1625,1722,29280,29210,2147483647,64708,41,545,5219,7313,2460,52058,0,3,3,2
Wait,16:50:08.706,29179,7057,2882,1779,1006,1221,791,1498,1586,927,958,2465,3331,29104,29083,29012,28986,29170,1450,1309,2043,1494,1705,2597,1182,1204,1028,979,1604,1696,29162,29223,2147483647,64714,43,539,5218,7313,2462,52058,0,3,3,2
Wait,16:50:08.805,29254,7035,2895,1792,984,1252,786,1546,1573,883,966,2491,3361,29175,29175,29122,29206,29223,1467,1313,2021,1489,1683,2623,1212,1186,993,962,1612,1735,29206,29232,2147483647,64713,38,538,5219,7313,2463,52058,0,3,3,2
Wait,16:50:08.917,29148,7018,2895,1762,997,1270,782,1564,1599,914,949,2438,3361,29170,29258,29223,29192,29271,1507,1305,2034,1489,1731,2627,1190,1217,1010,966,1621,1674,29140,29153,2147483647,64709,43,537,5218,7308,2462,52055,0,3,3,2
Wait,16:50:09.080,29192,7057,2882,1744,966,1287,791,1555,1529,887,971,2456,3348,29170,29148,29104,29144,29144,1467,1318,2056,1494,1696,2641,1182,1212,1015,993,1599,1722,29170,29153,2147483647,64706,40,537,5218,7307,2461,52054,0,3,3,2
Wait,16:50:09.181,29184,7013,2882,1784,936,1291,791,1568,1555,922,984,2465,3344,29087,29175,28981,29043,29166,1463,1239,2078,1485,1687,2632,1186,1195,997,979,1604,1683,29184,29201,2147483647,64709,40,537,5218,7304,2459,52052,0,3,3,2
Wait,16:50:09.281,29179,7035,2909,1788,975,1239,795,1507,1577,966,914,2425,3361,29144,29197,29118,29131,29223,1463,1318,2047,1437,1709,2610,1195,1208,1032,962,1625,1749,29201,29170,2147483647,64716,38,541,5219,7301,2458,52051,0,3,3,2
Wait,16:50:09.381,29214,7044,2904,1770,949,1296,804,1542,1551,909,918,2447,3357,29118,29214,29184,29061,29184,1463,1291,2003,1472,1735,2605,1204,1208,1006,944,1625,1674,29184,29135,2147483647,64710,43,536,5220,7296,2456,52048,0,3,3,2
Wait,16:50:09.480,29131,7022,2838,1762,971,1274,773,1555,1617,918,958,2456,3374,29201,29162,29078,29069,29192,1445,1313,1986,1485,1753,2627,1160,1212,1023,958,1608,1722,29166,29162,2147483647,64710,41,536,5220,7294,2455,52047,0,3,3,2
Wait,16:50:09.581,29166,7048,2891,1727,997,1248,777,1533,1524,905,958,2452,3335,29140,29157,29056,29135,29192,1450,1300,2030,1441,1718,2605,1146,1190,1023,958,1639,1674,29175,29175,2147483647,64714,39,542,5217,7290,2455,52044,0,3,3,2
Wait,16:50:09.691,29197,7026,2882,1762,940,1287,755,1524,1564,936,927,2447,3361,29188,29157,29091,29135,29170,1445,1287,2021,1458,1727,2583,1168,1204,993,958,1599,1709,29197,29175,2147483647,64710,40,541,5217,7290,2455,52044,0,3,3,2
Wait,16:50:09.781,29206,7040,2887,1749,979,1261,755,1529,1524,870,931,2456,3361,29153,29236,29188,29166,29298,1419,1287,2039,1489,1740,2601,1199,1195,1006,975,1608,1691,29126,29170,2147483647,64712,40,540,5217,7285,2454,52041,0,3,3,2
Wait,16:50:09.880,29197,7040,2900,1757,984,1278,812,1507,1529,922,975,2438,3344,29175,29188,29043,29096,29192,1489,1287,2043,1502,1740,2583,1221,1199,949,975,1612,1718,29162,29188,2147483647,64716,37,541,5217,7285,2454,52041,0,3,3,2
Wait,16:50:09.981,29197,7035,2860,1753,966,1278,799,1498,1529,883,962,2434,3348,29184,29175,29144,29188,29157,1458,1291,2047,1472,1718,2614,1195,1151,1006,997,1582,1722,29162,29258,2147483647,64714,39,542,5218,7283,2453,52039,0,3,3,2
paper,16:50:10.091,29144,7053,2891,1740,993,1278,782,1560,1560,900,922,2465,3326,29206,29184,29162,29166,29170,1437,1305,2017,1467,1709,2632,1182,1177,966,993,1634,1700,29197,29201,2147483647,64712,41,538,5217,7278,2452,52036,0,3,3,2
paper,16:50:10.123,29179,7053,2830,1722,944,1270,760,1520,1560,927,949,2456,3335,29074,29245,29122,29126,29298,1437,1313,2025,1476,1731,2605,1160,1195,1001,971,1621,1744,29219,29192,2147483647,64714,44,546,5216,7276,2451,52035,0,3,3,2
paper,16:50:10.281,29140,7004,2865,1788,984,1274,782,1542,1586,870,931,2474,3331,29188,29166,29162,29179,29201,1458,1300,2034,1476,1718,2636,1199,1217,1006,949,1582,1700,29241,29153,2147483647,64712,41,538,5217,7276,2451,52035,0,3,3,2
paper,16:50:10.311,29197,7083,2878,1735,1010,1252,755,1520,1564,892,949,2438,3339,29245,29245,29232,29241,29298,1441,1287,2039,1458,1713,2619,1208,1164,1041,962,1647,1674,29039,29254,2147483647,64712,40,542,5216,7276,2452,52035,0,3,3,2
paper,16:50:10.481,29201,7048,2874,1735,984,1305,782,1529,1542,927,931,2438,3357,29197,29118,29162,29192,29074,1450,1300,2008,1454,1691,2601,1212,1182,1001,949,1617,1687,29170,29162,2147483647,64714,42,543,5216,7275,2451,52034,0,3,3,2
paper,16:50:10.580,29170,7044,2860,1735,962,1283,812,1538,1555,914,940,2452,3361,29206,29118,29228,29228,29135,1454,1287,2025,1454,1696,2605,1199,1230,1032,971,1599,1722,29148,29192,2147483647,64706,37,539,5216,7274,2451,52034,0,3,3,2
paper,16:50:10.681,29157,7040,2882,1779,940,1278,777,1542,1568,878,940,2421,3344,29188,29135,29162,29170,29140,1450,1318,2025,1445,1652,2597,1199,1221,984,975,1647,1713,29236,29219,2147483647,64706,37,543,5216,7274,2451,52034,0,3,3,2
paper,16:50:10.781,29197,7000,2887,1749,975,1313,808,1494,1560,900,975,2482,3357,29144,29157,29197,29162,29184,1467,1300,2034,1472,1678,2610,1168,1208,997,953,1643,1709,29245,29236,2147483647,64712,38,543,5211,7273,2454,52032,0,3,3,2
paper,16:50:10.881,29219,7092,2931,1735,971,1296,786,1494,1520,905,944,2425,3353,29148,29118,29144,29166,29118,1480,1287,2065,1476,1718,2649,1164,1199,979,1019,1608,1705,29219,29206,2147483647,64712,39,541,5217,7263,2462,52030,0,3,3,2
paper,16:50:10.980,29157,7229,3019,1762,962,1300,729,1546,1533,900,914,2434,3361,29109,29109,29223,29170,29131,1445,1309,2017,1489,1669,2605,1186,1208,1006,984,1643,1705,29140,29153,2147483647,64713,35,549,5228,7240,2479,52025,0,3,3,2
paper,16:50:11.091,29087,7163,3049,1757,984,1309,834,1538,1568,896,944,2509,3370,29175,29175,29144,29122,29223,1454,1296,2065,1494,1731,2658,1204,1230,1015,966,1634,1700,29166,29113,2147483647,64713,35,557,5248,7213,2501,52022,0,3,3,2
paper,16:50:11.181,28955,7127,2966,1819,1001,1327,799,1498,1599,909,936,2575,3361,29188,29170,29214,29263,29263,1476,1300,2096,1489,1740,2623,1217,1239,1045,979,1643,1718,29144,28964,2147483647,64714,27,539,5265,7194,2533,52025,0,3,3,2
paper,16:50:11.205,29175,7149,3014,1810,1019,1318,760,1472,1608,918,944,2579,3480,29153,29096,29179,29166,29122,1480,1300,2074,1489,1757,2649,1186,1164,1032,966,1661,1700,29144,29206,2147483647,64718,33,547,5264,7181,2558,52022,0,3,3,2
paper,16:50:11.305,29223,7163,3041,1797,975,1305,812,1520,1542,909,953,2575,3471,29197,29175,29201,29170,29148,1485,1309,2113,1538,1700,2720,1195,1248,1010,1019,1639,1770,29236,29232,2147483647,64717,34,551,5267,7172,2581,52023,0,3,3,2
paper,16:50:11.481,29223,7224,3019,1766,971,1309,817,1516,1568,927,984,2548,3467,29206,29140,29170,29170,29113,1458,1287,2025,1463,1731,2658,1226,1177,988,962,1639,1700,29188,29254,2147483647,64727,25,547,5265,7167,2591,52022,0,3,3,2
paper,16:50:11.581,29170,7189,2988,1766,988,1335,795,1538,1485,918,953,2570,3432,29188,29118,29175,29192,29153,1454,1331,2078,1480,1757,2671,1212,1234,993,984,1625,1770,29201,29188,2147483647,64715,30,546,5260,7167,2592,52020,0,3,3,2
paper,16:50:11.690,29201,7171,3032,1784,1006,1353,791,1511,1555,905,979,2566,3449,29179,29091,29184,29179,29157,1489,1318,2047,1498,1757,2667,1204,1217,1006,975,1652,1731,29219,29201,2147483647,64721,23,546,5261,7164,2600,52020,0,3,3,2
paper,16:50:11.781,29052,7189,3010,1757,979,1349,812,1524,1520,936,966,2522,3418,29179,29258,29192,29228,29232,1489,1322,2109,1507,1740,2663,1204,1190,993,993,1647,1713,29109,29113,2147483647,64716,24,550,5263,7157,2599,52017,0,3,3,2
paper,16:50:11.891,29192,7215,2997,1770,979,1327,830,1507,1542,918,944,2557,3401,29236,29122,29131,29170,29135,1476,1305,2056,1458,1691,2693,1204,1248,1032,962,1647,1713,29245,29210,2147483647,64716,21,549,5263,7157,2595,52016,0,3,3,2
paper,16:50:11.915,29170,7189,2966,1735,1028,1313,747,1494,1551,878,958,2526,3396,29192,29228,29228,29254,29263,1480,1322,2104,1450,1713,2680,1230,1199,1023,953,1669,1709,29100,28981,2147483647,64719,22,548,5262,7159,2595,52017,0,3,3,2
paper,16:50:12.090,29201,7211,2992,1784,984,1340,830,1520,1516,909,971,2526,3410,29184,29131,29131,29162,29091,1480,1327,2096,1476,1749,2627,1208,1208,1019,979,1630,1691,29219,29197,2147483647,64721,23,558,5259,7155,2594,52014,0,3,3,2
paper,16:50:12.181,29131,7189,3001,1749,993,1357,791,1507,1529,914,936,2531,3348,29263,29184,29293,29271,29232,1463,1318,2030,1507,1718,2715,1195,1212,1028,984,1599,1696,29148,29153,2147483647,64722,21,555,5260,7150,2592,52011,0,3,3,2
paper,16:50:12.291,29254,7176,3001,1766,1015,1327,795,1538,1542,918,966,2487,3388,29214,29188,29148,29166,29166,1507,1344,2069,1485,1749,2636,1186,1226,1050,979,1643,1709,29263,29214,2147483647,64720,22,554,5256,7145,2593,52007,0,3,3,2
paper,16:50:12.317,29074,7176,2979,1779,962,1349,786,1520,1546,887,962,2566,3379,29192,29206,29250,29267,29214,1472,1331,2083,1498,1740,2702,1190,1208,1006,984,1665,1705,29104,29162,2147483647,64716,22,556,5257,7143,2592,52006,0,3,3,2
paper,16:50:12.481,29100,7180,2983,1744,975,1313,795,1507,1507,896,931,2526,3449,29210,29245,29232,29250,29214,1472,1305,2078,1463,1727,2649,1182,1212,993,988,1612,1691,29144,29126,2147483647,64719,19,553,5257,7143,2592,52006,0,3,3,2
paper,16:50:12.506,29175,7193,3032,1784,997,1335,804,1533,1564,905,966,2522,3418,29232,29153,29126,29175,29184,1454,1309,2052,1480,1731,2649,1204,1230,1019,1019,1634,1700,29153,29166,2147483647,64717,21,553,5256,7141,2592,52005,0,3,3,2
paper,16:50:12.681,29250,7176,2979,1792,993,1344,795,1511,1546,909,927,2474,3383,29219,29126,29153,29166,29153,1480,1335,2083,1476,1691,2654,1217,1230,1010,1001,1630,1705,29157,29236,2147483647,64721,21,553,5257,7139,2590,52004,0,3,3,2
paper,16:50:12.780,29206,7189,3023,1749,949,1335,747,1516,1538,922,936,2553,3432,29276,29131,29162,29148,29192,1472,1296,2069,1507,1735,2636,1182,1243,1041,971,1674,1696,29148,29188,2147483647,64713,21,554,5258,7138,2590,52003,0,3,3,2
paper,16:50:12.891,29232,7220,3023,1753,975,1335,817,1502,1520,922,922,2540,3396,29228,29201,29201,29250,29228,1502,1287,2047,1454,1713,2649,1182,1252,993,971,1643,1700,29197,29241,2147483647,64718,23,555,5258,7137,2590,52003,0,3,3,2
paper,16:50:12.981,29131,7185,3041,1779,962,1357,799,1511,1507,874,927,2522,3440,29245,29206,29271,29263,29210,1511,1322,2074,1476,1753,2671,1217,1217,1037,966,1639,1718,29087,29153,2147483647,64718,21,556,5258,7136,2589,52002,0,3,3,2
paper,16:50:13.004,29250,7136,3019,1784,966,1300,764,1498,1520,922,931,2456,3379,29192,29175,29166,29188,29201,1489,1318,2030,1502,1744,2641,1217,1261,1028,988,1617,1727,29166,29280,2147483647,64720,23,551,5259,7132,2588,52000,0,3,3,2
paper,16:50:13.180,29166,7202,3010,1757,1015,1344,773,1480,1516,900,936,2522,3423,29197,29197,29214,29271,29197,1480,1291,2069,1458,1753,2689,1199,1226,1010,988,1634,1727,29052,29162,2147483647,64717,23,558,5256,7132,2586,51999,0,3,3,2
paper,16:50:13.203,29201,7202,3027,1797,997,1327,773,1476,1485,896,936,2522,3379,29214,29175,29179,29188,29188,1498,1305,2065,1489,1691,2663,1204,1234,1028,971,1612,1691,29175,29206,2147483647,64715,25,555,5256,7132,2587,51999,0,3,3,2
paper,16:50:13.381,29148,7202,3014,1792,962,1309,795,1502,1494,905,914,2491,3432,29206,29223,29258,29245,29179,1476,1296,2056,1458,1735,2693,1221,1226,1001,997,1621,1705,29087,29144,2147483647,64720,16,555,5254,7131,2589,51998,0,3,3,2
paper,16:50:13.511,29210,7167,2997,1770,971,1283,817,1502,1511,936,931,2522,3436,29214,29197,29206,29166,29175,1472,1309,2069,1445,1749,2623,1190,1226,1050,966,1639,1718,29245,29192,2147483647,64715,18,552,5254,7131,2589,51998,0,3,3,2
paper,16:50:13.535,29206,7158,3005,1766,1028,1327,795,1494,1520,874,971,2548,3454,29267,29179,29210,29184,29170,1476,1318,2091,1489,1766,2632,1208,1195,1032,1001,1647,1696,28999,29219,2147483647,64721,24,554,5252,7139,2592,52002,0,3,3,2
paper,16:50:13.614,29184,7189,3001,1753,975,1353,782,1511,1458,922,922,2535,3467,29219,29206,29267,29311,29258,1480,1291,2083,1476,1731,2649,1217,1208,1015,1006,1634,1678,29096,29166,2147483647,64720,21,552,5250,7142,2594,52003,0,3,3,2
paper,16:50:13.707,29210,7189,3001,1753,958,1353,791,1485,1542,914,927,2557,3440,29228,29170,29192,29144,29210,1511,1309,2039,1480,1753,2680,1182,1265,997,979,1634,1731,29162,29236,2147483647,64715,20,553,5250,7142,2594,52003,0,3,3,2
paper,16:50:13.804,29192,7141,3005,1770,962,1322,791,1516,1516,914,909,2526,3388,29228,29219,29162,29100,29179,1463,1327,2065,1467,1718,2680,1199,1248,1019,1010,1612,1691,29175,29170,2147483647,64719,27,549,5252,7142,2598,52004,0,3,3,2
paper,16:50:13.981,29258,7171,3027,1753,958,1331,773,1494,1546,892,922,2562,3410,29175,29175,29140,29069,29140,1467,1296,2083,1476,1753,2702,1226,1239,1045,962,1621,1722,29170,29184,2147483647,64719,22,550,5252,7142,2599,52005,0,3,3,2
paper,16:50:14.091,29184,7193,3036,1749,975,1335,747,1485,1502,878,953,2482,3388,29263,29219,29135,29148,29162,1472,1305,2074,1423,1810,2671,1208,1230,993,975,1656,1700,29206,29184,2147483647,64717,18,549,5252,7142,2599,52005,0,3,3,2
paper,16:50:14.113,29153,7163,3084,1788,993,1371,799,1494,1511,905,958,2526,3357,29206,29179,29206,29166,29175,1467,1300,2069,1502,1731,2685,1199,1208,1023,997,1608,1700,29056,29188,2147483647,64716,19,552,5251,7142,2599,52005,0,3,3,2
paper,16:50:14.281,29197,7233,3054,1762,988,1349,812,1529,1533,892,922,2509,3414,29210,29201,29131,29144,29175,1476,1278,2074,1494,1801,2671,1186,1243,1045,975,1643,1735,29228,29197,2147483647,64718,23,554,5252,7139,2600,52004,0,3,3,2
paper,16:50:14.313,29192,7220,3027,1766,1001,1309,764,1516,1516,953,953,2531,3418,29219,29197,29109,29135,29214,1489,1300,2056,1502,1753,2689,1195,1226,1010,979,1617,1744,29126,29144,2147483647,64720,23,548,5246,7131,2614,51999,0,3,3,2
paper,16:50:14.412,29157,7255,3058,1788,971,1335,777,1524,1502,892,971,2513,3454,29232,29153,29166,29166,29214,1463,1265,2065,1485,1722,2658,1199,1177,1041,962,1639,1674,29091,29126,2147483647,64721,22,547,5245,7113,2609,51989,0,3,3,2
paper,16:50:14.581,29201,7255,3093,1766,1001,1331,795,1480,1498,905,979,2491,3401,29232,29140,29188,29197,29162,1476,1309,2078,1437,1753,2698,1212,1208,1010,984,1674,1691,29131,29175,2147483647,64718,18,560,5247,7089,2594,51975,0,3,3,2
paper,16:50:14.691,29166,7250,3111,1801,988,1322,821,1502,1485,900,905,2496,3401,29162,29135,29144,29144,29148,1494,1318,2074,1507,1740,2676,1221,1208,1010,979,1634,1749,29175,29135,2147483647,64718,18,559,5243,7070,2583,51961,0,3,3,2
paper,16:50:14.715,29214,7202,3062,1744,1006,1357,782,1480,1502,909,940,2522,3449,29192,29197,29206,29201,29219,1507,1291,2109,1476,1735,2698,1217,1173,997,1001,1669,1753,29069,29131,2147483647,64722,16,558,5234,7052,2582,51948,0,3,3,2
paper,16:50:14.881,29214,7211,3049,1806,966,1340,804,1494,1511,905,936,2535,3427,29206,29188,29109,29135,29188,1489,1331,2074,1516,1722,2698,1186,1212,988,1006,1608,1700,29122,29197,2147483647,64727,12,556,5226,7036,2587,51937,0,3,3,2
paper,16:50:14.908,29140,7198,3102,1762,971,1357,769,1546,1480,918,984,2474,3396,29241,29157,29192,29210,29197,1441,1300,2096,1458,1718,2733,1212,1186,993,993,1639,1727,28942,29188,2147483647,64725,12,558,5223,7028,2590,51933,0,3,3,2
go to fist,16:50:15.005,29236,7220,3027,1784,975,1357,804,1507,1485,914,953,2496,3440,29201,29122,29131,29144,29104,1476,1318,2122,1463,1709,2711,1195,1230,958,993,1661,1687,29179,29197,2147483647,64719,20,553,5227,7029,2584,51933,0,3,3,2
go to fist,16:50:15.191,29280,7286,3120,1762,975,1371,812,1472,1428,909,944,2513,3383,29210,29188,29104,29179,29140,1485,1309,2153,1480,1770,2720,1195,1204,1010,1006,1683,1718,29179,29258,2147483647,64720,13,564,5219,7035,2591,51935,0,3,3,2
go to fist,16:50:15.213,29100,7299,3102,1718,984,1366,791,1520,1441,918,966,2557,3480,29250,29148,29188,29223,29144,1511,1318,2131,1472,1753,2737,1182,1195,1010,1010,1661,1705,29148,29153,2147483647,64728,20,558,5204,7033,2596,51929,0,3,3,2
go to fist,16:50:15.381,29250,7308,3150,1762,1006,1384,804,1502,1467,883,944,2557,3436,29241,29219,29144,29100,29188,1507,1313,2113,1524,1744,2663,1186,1199,1023,997,1625,1735,29144,29192,2147483647,64728,15,556,5198,7030,2597,51925,0,3,3,2
go to fist,16:50:15.481,29232,7268,3177,1775,975,1371,791,1494,1494,874,971,2562,3440,29228,29175,29131,29131,29184,1480,1309,2192,1489,1775,2663,1195,1204,1041,958,1652,1713,29135,29188,2147483647,64726,15,566,5194,7028,2597,51923,0,3,3,2
go to fist,16:50:15.581,29223,7250,3124,1775,971,1379,821,1494,1463,896,944,2504,3432,29197,29166,29109,29126,29184,1502,1340,2131,1432,1792,2711,1204,1177,1001,962,1656,1696,29175,29263,2147483647,64729,14,562,5192,7032,2598,51925,0,3,3,2
go to fist,16:50:15.681,29206,7255,3146,1784,958,1340,804,1507,1450,940,944,2513,3484,29223,29188,29157,29135,29166,1494,1296,2144,1458,1801,2676,1226,1230,1015,971,1625,1669,29188,29241,2147483647,64726,9,563,5191,7036,2599,51926,0,3,3,2
go to fist,16:50:15.790,29263,7303,3115,1792,993,1371,812,1472,1480,936,984,2500,3533,29188,29170,29122,29104,29206,1498,1331,2140,1463,1775,2649,1182,1212,1032,997,1617,1753,29166,29263,2147483647,64725,10,558,5189,7038,2601,51927,0,3,3,2
go to fist,16:50:15.891,29254,7330,3155,1766,979,1397,755,1445,1472,914,927,2531,3432,29210,29228,29170,29223,29206,1494,1318,2113,1489,1749,2711,1230,1248,1019,962,1625,1722,29017,29228,2147483647,64734,16,558,5186,7031,2603,51922,0,3,3,2
go to fist,16:50:15.925,29280,7255,3133,1779,979,1393,786,1485,1467,883,979,2504,3520,29153,29100,28911,29039,29083,1454,1313,2166,1485,1766,2685,1199,1212,993,1019,1621,1718,29179,29289,2147483647,64728,11,551,5188,7030,2608,51924,0,3,3,2
go to fist,16:50:16.081,29170,7299,3089,1770,958,1393,804,1445,1467,892,962,2509,3445,29236,29206,29104,29192,29228,1480,1362,2122,1516,1757,2693,1177,1217,1028,1010,1661,1735,29131,29228,2147483647,64722,9,565,5180,7031,2612,51922,0,3,3,2
go to fist,16:50:16.191,29175,7321,3084,1792,984,1375,826,1485,1432,909,953,2504,3427,29267,29250,29144,29157,29214,1489,1309,2153,1516,1806,2671,1190,1230,997,975,1656,1705,29232,29223,2147483647,64726,4,562,5174,7031,2615,51920,0,3,3,2
go to fist,16:50:16.291,29091,7303,3146,1784,971,1384,812,1467,1502,936,971,2548,3515,29241,29184,29170,29214,29214,1498,1344,2144,1494,1792,2671,1186,1221,1015,997,1656,1731,29100,29113,2147483647,64723,2,566,5163,7028,2621,51916,0,3,3,2
go to fist,16:50:16.381,29096,7299,3137,1801,1001,1379,777,1489,1458,918,962,2526,3449,29271,29201,29210,29236,29223,1498,1322,2100,1458,1775,2698,1208,1221,993,988,1669,1727,29157,29039,2147483647,64728,5,565,5155,7026,2627,51913,0,3,3,2
go to fist,16:50:16.408,29175,7299,3150,1757,958,1397,777,1445,1467,949,940,2496,3467,29214,29210,29219,29223,29201,1485,1296,2100,1529,1744,2720,1142,1173,1001,975,1625,1770,29113,29210,2147483647,64727,6,567,5154,7024,2631,51912,0,3,3,2
go to fist,16:50:16.525,29135,7338,3186,1784,971,1423,773,1441,1494,892,958,2504,3476,29201,29175,29083,29162,29135,1472,1274,2109,1485,1749,2711,1230,1265,1037,975,1652,1722,29241,29157,2147483647,64722,0,566,5152,7021,2631,51910,0,3,3,2
go to fist,16:50:16.681,29254,7286,3155,1797,966,1388,795,1494,1472,927,927,2469,3467,29271,29192,29162,29170,29157,1476,1287,2153,1437,1770,2671,1208,1204,1001,953,1661,1709,29258,29175,2147483647,64724,7,567,5153,7022,2632,51911,0,3,3,2
go to fist,16:50:16.781,29201,7277,3155,1784,958,1366,760,1454,1480,931,958,2491,3480,29271,29232,29175,29201,29258,1467,1331,2100,1520,1770,2724,1190,1239,984,958,1669,1713,29135,29219,2147483647,64727,1,562,5153,7024,2633,51912,0,3,3,2
go to fist,16:50:16.881,29241,7286,3124,1779,984,1388,782,1463,1463,896,953,2544,3489,29276,29192,29219,29140,29214,1472,1305,2113,1480,1744,2658,1142,1243,1015,971,1608,1713,29192,29258,2147483647,64725,0,564,5150,7025,2635,51912,0,3,3,2
go to fist,16:50:16.981,29223,7312,3137,1788,1023,1410,804,1441,1467,905,931,2482,3462,29267,29254,29131,29126,29271,1507,1300,2113,1458,1735,2711,1204,1204,1028,993,1674,1718,29162,29245,2147483647,64729,0,562,5150,7026,2636,51913,0,3,3,2
go to fist,16:50:17.091,29122,7316,3120,1792,993,1371,769,1467,1432,927,953,2487,3449,29201,29258,29206,29236,29232,1472,1353,2126,1485,1792,2733,1212,1217,1010,1010,1634,1727,29039,29170,2147483647,64725,2,562,5150,7028,2637,51914,0,3,3,2
go to fist,16:50:17.191,29096,7264,3120,1788,1045,1379,782,1423,1441,936,949,2513,3471,29245,29197,29219,29267,29197,1489,1322,2104,1494,1753,2711,1199,1230,1006,984,1665,1749,29056,29096,2147483647,64722,2,561,5150,7028,2637,51914,0,3,3,2
go to fist,16:50:17.281,29052,7272,3089,1770,1015,1423,795,1432,1494,892,936,2460,3436,29223,29258,29232,29175,29228,1467,1318,2126,1476,1788,2680,1182,1248,1001,971,1643,1731,29148,29144,2147483647,64722,1,557,5150,7028,2637,51914,0,3,3,2
go to fist,16:50:17.381,29206,7277,3168,1797,958,1353,773,1458,1502,892,988,2500,3436,29210,29210,29192,29188,29228,1485,1270,2091,1489,1757,2698,1190,1248,1019,1010,1696,1740,29126,29210,2147483647,64727,3,561,5150,7028,2637,51914,0,3,3,2
go to fist,16:50:17.403,29219,7272,3115,1753,988,1357,799,1480,1450,918,944,2478,3484,29302,29293,29153,29206,29197,1502,1322,2091,1494,1766,2676,1186,1239,988,984,1661,1718,29214,29232,2147483647,64720,8,560,5150,7030,2637,51915,0,3,3,2
go to fist,16:50:17.507,29192,7246,3120,1819,984,1388,804,1472,1502,892,940,2496,3467,29258,29210,29184,29206,29188,1463,1305,2126,1494,1740,2715,1217,1160,1050,971,1639,1683,29118,29192,2147483647,64724,4,557,5151,7033,2641,51918,0,3,3,2
go to fist,16:50:17.604,29223,7268,3071,1753,966,1375,799,1467,1520,918,971,2456,3484,29263,29236,29170,29210,29245,1507,1318,2083,1498,1792,2707,1190,1190,1001,988,1630,1740,29153,29223,2147483647,64729,4,554,5147,7033,2643,51916,0,3,3,2
go to fist,16:50:17.708,29100,7242,3080,1810,971,1397,843,1458,1472,905,984,2478,3458,29157,29188,29276,29219,29241,1476,1305,2122,1502,1749,2667,1217,1226,1032,1028,1656,1696,29052,29144,2147483647,64723,5,556,5147,7029,2642,51914,0,3,3,2
go to fist,16:50:17.808,29201,7264,3106,1762,984,1384,782,1472,1485,922,958,2531,3454,29241,29232,29241,29206,29223,1476,1327,2091,1511,1762,2715,1208,1226,1019,1010,1608,1718,29157,29228,2147483647,64722,4,557,5148,7020,2636,51908,0,3,3,2
go to fist,16:50:17.981,29236,7246,3093,1753,984,1379,786,1450,1489,931,958,2518,3484,29280,29232,29219,29157,29210,1498,1313,2122,1502,1779,2680,1208,1204,1028,997,1612,1705,29047,29201,2147483647,64721,0,560,5143,7022,2625,51906,0,3,3,2
go to fist,16:50:18.005,29188,7294,3102,1797,1019,1362,834,1458,1432,905,936,2487,3405,29263,29210,29223,29192,29258,1467,1305,2113,1498,1762,2698,1204,1230,1015,993,1678,1722,29021,29201,2147483647,64723,3,557,5137,7021,2628,51903,0,3,3,2
go to fist,16:50:18.114,29144,7255,3071,1770,1001,1349,821,1445,1485,922,927,2460,3489,29223,29228,29166,29228,29271,1458,1313,2091,1489,1757,2720,1190,1199,1028,988,1630,1722,29078,29175,2147483647,64730,2,557,5136,7019,2628,51902,0,3,3,2
go to fist,16:50:18.281,29192,7229,3124,1792,1019,1366,795,1476,1489,905,940,2465,3476,29329,29245,29175,29258,29228,1476,1313,2113,1511,1766,2693,1199,1208,984,971,1595,1775,28999,29210,2147483647,64722,10,560,5137,7017,2626,51901,0,3,3,2
go to fist,16:50:18.307,29192,7268,3111,1757,979,1362,839,1445,1441,900,962,2500,3449,29254,29201,29144,29188,29210,1489,1322,2083,1520,1753,2693,1204,1208,1015,966,1652,1749,29096,29166,2147483647,64721,0,561,5138,7014,2625,51899,0,3,3,2
go to fist,16:50:18.404,29188,7281,3062,1753,993,1362,786,1423,1480,927,922,2478,3423,29250,29184,29214,29201,29263,1516,1322,2087,1494,1753,2689,1208,1221,1006,988,1647,1709,29144,29192,2147483647,64725,65534,558,5137,7011,2624,51898,0,3,3,2
go to fist,16:50:18.581,29083,7220,3058,1788,993,1410,817,1489,1476,914,966,2509,3471,29250,29223,29179,29228,29232,1489,1331,2087,1494,1727,2707,1182,1208,1041,988,1621,1757,29157,29148,2147483647,64722,4,563,5136,7008,2624,51896,0,3,3,2
go to fist,16:50:18.681,29219,7255,3089,1762,988,1397,786,1463,1467,887,931,2487,3458,29263,29228,29140,29157,29223,1507,1305,2056,1498,1753,2707,1186,1199,1050,1006,1612,1722,29056,29219,2147483647,64721,3,561,5137,7006,2623,51894,0,3,3,2
go to fist,16:50:18.706,29250,7211,3062,1792,1019,1379,777,1485,1472,914,944,2443,3440,29258,29236,29192,29188,29210,1489,1313,2087,1494,1757,2693,1208,1212,993,1006,1643,1718,29100,29223,2147483647,64725,0,565,5136,7001,2622,51892,0,3,3,2
go to fist,16:50:18.804,29210,7255,3080,1784,1028,1384,791,1467,1441,927,949,2474,3449,29210,29280,29166,29184,29280,1502,1313,2100,1454,1709,2689,1204,1226,993,1023,1639,1722,29162,29214,2147483647,64723,2,563,5136,7001,2622,51892,0,3,3,2
go to fist,16:50:18.903,29214,7229,3089,1766,988,1375,791,1432,1458,878,958,2504,3432,29210,29236,29170,29175,29232,1476,1283,2065,1445,1784,2676,1248,1212,993,1006,1625,1718,29030,29192,2147483647,64722,6,558,5136,7001,2622,51892,0,3,3,2
go to fist,16:50:19.005,29162,7224,3071,1801,988,1410,764,1472,1454,914,953,2460,3414,29206,29250,29219,29258,29228,1480,1379,2091,1502,1775,2645,1217,1182,1032,979,1634,1691,29012,29206,2147483647,64726,2,566,5136,7000,2622,51891,0,3,3,2
go to fist,16:50:19.191,29250,7255,3080,1740,1006,1366,795,1467,1467,918,975,2443,3418,29241,29219,29254,29210,29232,1489,1331,2096,1463,1718,2693,1182,1217,988,979,1674,1709,29096,29206,2147483647,64726,65535,560,5136,7000,2622,51891,0,3,3,2
go to fist,16:50:19.215,29118,7242,3089,1801,993,1366,782,1472,1441,874,971,2443,3440,29096,29254,29258,29263,29210,1485,1296,2104,1467,1797,2729,1243,1234,1023,1010,1621,1757,29223,29175,2147483647,64725,4,560,5135,7011,2625,51897,0,3,3,2
go to fist,16:50:19.317,29170,7255,3084,1770,966,1349,795,1485,1467,914,944,2491,3458,29179,29236,29206,29201,29214,1458,1331,2109,1489,1762,2671,1186,1221,1041,993,1643,1691,29170,29148,2147483647,64726,4,563,5134,7020,2627,51902,0,3,3,2
go to fist,16:50:19.482,29206,7277,3067,1801,993,1375,777,1454,1480,883,931,2460,3462,29197,29250,29166,29184,29192,1485,1283,2096,1507,1744,2689,1182,1177,1006,1001,1639,1691,29122,29179,2147483647,64722,0,558,5133,7026,2629,51905,0,3,3,2
go to fist,16:50:19.581,29192,7237,3067,1788,975,1393,782,1467,1423,927,940,2474,3458,29254,29232,29223,29285,29276,1489,1305,2034,1467,1744,2663,1195,1208,979,971,1652,1696,29043,29219,2147483647,64725,2,560,5131,7035,2633,51909,0,3,3,2
go to fist,16:50:19.681,29184,7229,3058,1757,953,1366,764,1437,1432,914,927,2513,3436,29201,29250,29201,29206,29214,1524,1261,2065,1502,1766,2680,1190,1252,1006,971,1634,1687,29166,29245,2147483647,64723,0,559,5130,7040,2635,51912,0,3,3,2
go to fist,16:50:19.781,29245,7229,3054,1792,993,1401,764,1454,1463,905,962,2465,3484,29285,29232,29192,29166,29206,1458,1305,2109,1502,1784,2715,1204,1221,1006,997,1639,1749,29025,29250,2147483647,64724,6,559,5131,7045,2640,51916,0,3,3,2
go to fist,16:50:19.881,29179,7193,3080,1788,1006,1401,786,1458,1458,936,931,2496,3458,29201,29201,29157,29153,29245,1476,1309,2083,1472,1779,2711,1226,1234,997,1001,1625,1744,29025,29219,2147483647,64720,4,552,5132,7049,2642,51919,0,3,3,2
go to fist,16:50:19.981,29271,7198,3080,1841,993,1388,742,1445,1472,914,958,2478,3476,29289,29232,29214,29188,29250,1467,1261,2065,1494,1744,2663,1151,1177,979,984,1634,1718,29153,29228,2147483647,64721,4,552,5134,7057,2637,51923,0,3,3,2
1-Gesture 1,16:50:20.081,29188,7259,3089,1797,962,1406,804,1476,1485,892,962,2482,3462,29223,29219,29219,29210,29228,1476,1313,2104,1524,1740,2724,1217,1208,988,993,1612,1744,29096,29162,2147483647,64720,2,557,5133,7065,2639,51927,0,3,3,2
1-Gesture 1,16:50:20.105,29140,7189,3054,1775,1001,1410,834,1454,1480,870,940,2535,3502,29245,29236,29263,29254,29263,1538,1313,2083,1489,1722,2711,1195,1208,1041,1006,1617,1735,28990,29236,2147483647,64721,4,557,5132,7069,2640,51929,0,3,3,2
1-Gesture 1,16:50:20.281,29201,7224,3054,1801,962,1375,773,1441,1463,918,953,2469,3423,29219,29276,29188,29175,29254,1485,1291,2083,1516,1731,2689,1221,1252,984,949,1639,1669,29047,29197,2147483647,64720,2,556,5133,7068,2639,51929,0,3,3,2
1-Gesture 1,16:50:20.381,29166,7268,3093,1806,971,1379,769,1476,1480,958,966,2478,3462,29241,29258,29228,29179,29258,1450,1287,2069,1489,1757,2680,1173,1212,997,962,1625,1718,29034,29223,2147483647,64727,9,555,5134,7063,2637,51926,0,3,3,2
1-Gesture 1,16:50:20.491,29236,7259,3062,1766,962,1397,769,1419,1458,940,971,2513,3520,29228,29135,29109,29135,29144,1520,1313,2109,1494,1770,2680,1151,1199,1001,966,1643,1700,29131,29228,2147483647,64723,4,553,5134,7055,2629,51920,0,3,3,2
1-Gesture 1,16:50:20.582,29188,7163,3041,1797,984,1366,795,1458,1476,909,909,2456,3471,29144,29298,29241,29228,29245,1546,1300,2074,1516,1753,2676,1234,1248,1037,1010,1625,1718,29228,29201,2147483647,64719,5,556,5133,7048,2619,51914,0,3,3,2
1-Gesture 1,16:50:20.614,29153,7250,3032,1757,984,1362,791,1463,1467,887,931,2518,3458,29148,29250,29153,29285,29206,1476,1344,2096,1480,1722,2676,1160,1190,1037,971,1647,1678,29219,29140,2147483647,64713,0,554,5132,7041,2614,51909,0,3,3,2
1-Gesture 1,16:50:20.781,29197,7215,3067,1828,1006,1401,812,1437,1432,918,931,2474,3432,29250,29197,29184,29197,29188,1476,1265,2104,1458,1766,2698,1182,1204,1023,988,1669,1709,29166,29131,2147483647,64721,7,556,5133,7036,2611,51906,0,3,3,2
1-Gesture 1,16:50:20.881,29140,7202,3098,1775,971,1379,773,1472,1432,944,940,2482,3401,29201,29250,29131,29241,29241,1520,1291,2091,1524,1757,2676,1186,1204,1028,962,1630,1718,29131,29131,2147483647,64726,6,560,5132,7018,2601,51895,0,3,3,2
1-Gesture 1,16:50:20.904,29179,7198,3076,1788,966,1371,799,1463,1454,905,936,2465,3436,29219,29223,29201,29241,29245,1467,1318,2074,1511,1718,2702,1199,1221,997,971,1625,1744,29126,29131,2147483647,64732,6,560,5125,7007,2569,51881,0,3,3,2
1-Gesture 1,16:50:21.007,29157,7264,3102,1823,1001,1388,795,1463,1489,909,940,2522,3436,29162,29206,29219,29214,29179,1485,1305,2109,1485,1731,2733,1199,1190,1015,958,1639,1700,29140,29135,2147483647,64727,11,567,5119,6998,2531,51867,0,3,3,2
1-Gesture 1,16:50:21.181,29157,7321,3093,1814,971,1393,808,1476,1498,936,971,2496,3432,29201,29214,29210,29232,29184,1516,1287,2122,1480,1713,2689,1177,1234,988,988,1634,1709,29118,29008,2147483647,64725,12,565,5119,6985,2514,51856,0,3,3,2
1-Gesture 1,16:50:21.204,29162,7268,3137,1792,1010,1371,804,1458,1480,896,953,2509,3445,29223,29228,29188,29197,29254,1476,1300,2118,1485,1779,2729,1212,1195,979,988,1647,1643,29100,29263,2147483647,64726,15,570,5118,6984,2512,51856,0,3,3,2
1-Gesture 1,16:50:21.381,29078,7268,3062,1792,1001,1397,769,1458,1458,883,927,2478,3484,29210,29228,29188,29241,29254,1516,1305,2113,1498,1718,2715,1195,1226,1015,953,1656,1722,29087,29087,2147483647,64726,10,561,5116,6996,2513,51861,0,3,3,2
1-Gesture 1,16:50:21.402,29153,7237,3106,1788,966,1410,769,1415,1480,887,971,2500,3476,29219,29228,29285,29232,29285,1520,1309,2056,1498,1762,2685,1168,1217,997,953,1639,1722,29184,29131,2147483647,64733,11,566,5113,7005,2516,51866,0,3,3,2
1-Gesture 1,16:50:21.591,29214,7281,3111,1801,966,1379,791,1476,1458,887,936,2491,3476,29258,29184,29236,29223,29175,1472,1318,2100,1498,1749,2715,1221,1204,1010,953,1674,1722,29096,29056,2147483647,64724,15,570,5111,7015,2517,51870,0,3,3,2
1-Gesture 1,16:50:21.681,29214,7237,3098,1757,958,1375,804,1445,1463,905,971,2482,3392,29153,29219,29228,29201,29192,1502,1327,2113,1476,1779,2733,1212,1177,988,979,1639,1691,29228,29228,2147483647,64720,14,559,5110,7025,2520,51875,0,3,3,2
1-Gesture 1,16:50:21.705,29025,7255,3106,1788,971,1384,782,1454,1454,936,918,2513,3432,29210,29236,29197,29214,29258,1498,1296,2087,1432,1749,2702,1177,1230,984,1010,1625,1731,29087,29091,2147483647,64730,4,565,5106,7032,2524,51878,0,3,3,2
1-Gesture 1,16:50:21.817,29170,7268,3084,1727,1006,1406,817,1410,1454,892,927,2526,3480,29153,29232,29201,29201,29201,1454,1278,2087,1489,1762,2698,1190,1182,1001,997,1639,1709,29157,29126,2147483647,64726,8,562,5104,7037,2525,51880,0,3,3,2
1-Gesture 1,16:50:21.981,29162,7259,3071,1779,979,1366,834,1445,1454,905,962,2491,3436,29056,29280,29184,29241,29254,1485,1318,2118,1489,1740,2685,1217,1234,1037,975,1612,1705,29228,29166,2147483647,64725,8,560,5103,7041,2528,51882,0,3,3,2
1-Gesture 1,16:50:22.102,29170,7259,3084,1762,1006,1393,799,1450,1450,900,944,2500,3392,29241,29228,29223,29228,29197,1489,1261,2069,1463,1713,2693,1186,1234,1015,1006,1652,1740,29135,29003,2147483647,64730,7,559,5102,7045,2529,51884,0,3,3,2
1-Gesture 1,16:50:22.181,29223,7259,3049,1788,1015,1388,773,1516,1463,914,953,2540,3449,29236,29210,29126,29131,29245,1480,1309,2109,1467,1749,2715,1199,1204,1001,1006,1643,1727,29162,29254,2147483647,64723,11,560,5101,7051,2532,51887,0,3,3,2
1-Gesture 1,16:50:22.206,29003,7281,3080,1722,997,1393,782,1441,1458,949,988,2496,3467,29245,29245,29228,29258,29210,1472,1305,2074,1480,1735,2729,1226,1234,1019,1006,1630,1709,29122,29153,2147483647,64727,9,561,5100,7053,2533,51888,0,3,3,2
1-Gesture 1,16:50:22.317,29166,7237,3080,1792,975,1393,782,1441,1467,905,936,2509,3427,29166,29175,29219,29192,29184,1489,1322,2078,1463,1713,2693,1173,1186,993,1032,1661,1727,29197,29232,2147483647,64726,12,565,5100,7055,2533,51889,0,3,3,2
1-Gesture 1,16:50:22.404,29157,7246,3093,1784,962,1388,799,1454,1454,905,936,2469,3515,29179,29289,29219,29236,29179,1498,1327,2043,1498,1744,2685,1199,1177,1019,975,1612,1687,29122,29017,2147483647,64728,10,559,5100,7055,2533,51889,0,3,3,2
1-Gesture 1,16:50:22.591,29122,7246,3106,1775,949,1397,755,1445,1441,914,949,2531,3467,29214,29184,29201,29232,29179,1489,1291,2118,1511,1784,2715,1204,1212,1037,979,1621,1691,29091,29157,2147483647,64726,9,558,5099,7054,2534,51888,0,3,3,2
1-Gesture 1,16:50:22.681,29219,7281,3076,1779,975,1423,760,1432,1467,878,931,2496,3454,29197,29157,29250,29245,29201,1516,1305,2113,1454,1770,2693,1186,1221,1050,962,1669,1709,29192,29232,2147483647,64723,7,557,5100,7053,2533,51888,0,3,3,2
1-Gesture 1,16:50:22.705,29122,7215,3054,1744,971,1384,769,1454,1476,918,949,2496,3418,29135,29263,29228,29236,29250,1507,1300,2087,1489,1762,2707,1186,1208,975,966,1678,1722,29091,29153,2147483647,64721,8,556,5100,7049,2532,51886,0,3,3,2
1-Gesture 1,16:50:22.880,29162,7224,3067,1788,984,1423,804,1502,1454,878,940,2500,3410,29241,29280,29206,29232,29254,1472,1305,2074,1467,1740,2729,1230,1226,1019,922,1652,1735,29170,29017,2147483647,64724,10,563,5100,7049,2532,51886,0,3,3,2
1-Gesture 1,16:50:22.905,29052,7250,3115,1749,975,1375,769,1445,1454,927,940,2460,3436,29258,29223,29241,29245,29280,1489,1318,2091,1485,1762,2693,1199,1195,975,1006,1612,1700,29122,29087,2147483647,64727,12,559,5100,7049,2532,51886,0,3,3,2
1-Gesture 1,16:50:23.080,28995,7242,3076,1801,971,1349,808,1441,1480,905,931,2487,3462,29170,29232,29280,29254,29223,1489,1291,2087,1520,1770,2764,1204,1221,1006,984,1669,1727,29157,29197,2147483647,64728,15,555,5101,7047,2531,51885,0,3,3,2
1-Gesture 1,16:50:23.180,28977,7237,3093,1766,993,1401,755,1476,1441,900,962,2487,3432,29197,29170,29263,29219,29214,1494,1313,2100,1454,1766,2693,1204,1186,1001,962,1621,1709,29091,29003,2147483647,64722,16,564,5102,7049,2525,51886,0,3,3,2
1-Gesture 1,16:50:23.280,28999,7272,3089,1788,1010,1375,808,1467,1419,892,958,2465,3414,29144,29236,29250,29263,29228,1458,1309,2069,1472,1740,2667,1182,1239,971,993,1630,1713,29175,29153,2147483647,64728,13,560,5102,7046,2523,51884,0,3,3,2
1-Gesture 1,16:50:23.390,28999,7246,3049,1753,993,1340,777,1463,1463,922,975,2478,3436,29201,29166,29232,29228,29157,1480,1287,2100,1511,1779,2667,1190,1177,1023,1006,1630,1718,29104,29003,2147483647,64725,8,558,5103,7037,2518,51878,0,3,3,2
1-Gesture 1,16:50:23.480,29206,7233,3155,1757,966,1353,795,1458,1467,918,949,2482,3498,29140,29083,29210,29245,29017,1467,1283,2061,1524,1744,2720,1199,1212,1045,1006,1661,1700,29148,29206,2147483647,64719,11,562,5104,7027,2511,51872,0,3,3,2
1-Gesture 1,16:50:23.512,29236,7224,3045,1775,997,1371,782,1450,1450,927,975,2500,3454,29131,29135,29091,29109,29201,1485,1287,2104,1489,1770,2667,1208,1208,1001,971,1617,1731,29148,29228,2147483647,64721,7,556,5105,7016,2504,51865,0,3,3,2
1-Gesture 1,16:50:23.690,29047,7237,3041,1775,975,1349,791,1432,1432,905,944,2482,3418,29206,29184,29254,29276,29206,1498,1270,2047,1480,1753,2707,1204,1212,1001,979,1625,1735,29135,29021,2147483647,64728,4,563,5104,7012,2497,51862,0,3,3,2
1-Gesture 1,16:50:23.780,29197,7189,3045,1779,962,1445,769,1450,1437,883,896,2491,3423,29122,29056,29245,29250,28968,1485,1318,2096,1494,1709,2724,1186,1217,1041,971,1634,1705,29192,29197,2147483647,64723,10,566,5104,7008,2496,51860,0,3,3,2
1-Gesture 1,16:50:23.880,29122,7220,3071,1779,979,1371,769,1437,1476,861,958,2504,3489,29179,29153,29197,29197,29214,1485,1327,2096,1498,1744,2685,1208,1221,988,984,1630,1735,29091,29162,2147483647,64725,8,562,5103,7005,2496,51858,0,3,3,2
1-Gesture 1,16:50:23.990,29157,7242,3080,1766,966,1331,795,1463,1445,892,922,2465,3462,29201,29263,29232,29219,29206,1507,1318,2074,1472,1766,2663,1199,1199,1028,993,1599,1722,29100,29192,2147483647,64723,18,565,5099,7016,2497,51862,0,3,3,2
1-Gesture 1,16:50:24.014,29206,7233,3093,1819,971,1344,795,1437,1463,896,979,2509,3445,29087,29061,29250,29197,29083,1480,1291,2104,1494,1753,2693,1182,1195,1010,975,1639,1700,29197,29206,2147483647,64725,13,557,5096,7027,2497,51867,0,3,3,2
1-Gesture 1,16:50:24.190,29206,7229,3062,1810,1010,1362,795,1472,1432,878,914,2469,3423,29078,29157,29122,29166,28986,1480,1309,2113,1441,1753,2685,1195,1226,984,966,1647,1696,29192,29192,2147483647,64725,11,560,5093,7038,2501,51872,0,3,3,2
1-Gesture 1,16:50:24.280,29214,7202,3045,1779,993,1397,773,1454,1476,927,958,2482,3445,29104,29157,29289,29263,29100,1507,1305,2091,1485,1757,2667,1190,1212,1006,971,1608,1718,29166,29206,2147483647,64725,11,560,5092,7043,2502,51874,0,3,3,2
1-Gesture 1,16:50:24.380,29148,7211,3036,1784,971,1379,791,1379,1428,874,962,2469,3440,29219,29250,29254,29241,29267,1489,1327,2083,1498,1740,2667,1204,1226,1015,971,1643,1709,29074,29148,2147483647,64726,14,562,5092,7042,2499,51873,0,3,3,2
1-Gesture 1,16:50:24.480,29135,7198,3115,1744,975,1415,812,1441,1437,914,944,2500,3445,29192,29214,29254,29250,29135,1502,1300,2087,1454,1766,2671,1208,1217,975,1001,1665,1749,29118,29140,2147483647,64723,10,563,5089,7046,2495,51873,0,3,3,2
1-Gesture 1,16:50:24.580,29197,7246,3041,1749,975,1393,843,1450,1432,927,953,2478,3427,29228,29206,29280,29263,29236,1502,1318,2113,1511,1749,2693,1239,1199,1041,1001,1625,1753,29052,29170,2147483647,64724,12,562,5086,7051,2494,51875,0,3,3,2
1-Gesture 1,16:50:24.681,29245,7224,3080,1757,975,1366,830,1454,1415,918,962,2518,3414,29192,29188,29126,29175,29188,1485,1300,2078,1485,1753,2676,1199,1217,1006,971,1643,1744,29241,29206,2147483647,64732,14,556,5083,7055,2497,51876,0,3,3,2
1-Gesture 1,16:50:24.780,29175,7229,3089,1749,988,1371,826,1423,1450,905,909,2487,3392,29144,29047,29241,29232,29021,1520,1291,2087,1480,1766,2729,1204,1265,1037,993,1621,1683,29188,29206,2147483647,64723,16,563,5081,7060,2499,51878,0,3,3,2
1-Gesture 1,16:50:24.880,29245,7272,3080,1775,1001,1384,742,1458,1463,883,953,2504,3476,29113,29118,29232,29214,29100,1489,1270,2043,1476,1744,2724,1190,1208,1037,940,1634,1709,29087,29250,2147483647,64722,14,561,5081,7062,2499,51879,0,3,3,2
1-Gesture 1,16:50:24.980,29135,7229,3102,1753,966,1362,795,1437,1450,909,918,2456,3471,29236,29232,29258,29302,29228,1502,1318,2074,1441,1744,2667,1186,1186,1001,997,1582,1722,29104,29126,2147483647,64724,13,561,5081,7061,2498,51879,0,3,3,2
1-Rest,16:50:25.005,29175,7207,3067,1779,962,1384,786,1393,1445,887,944,2491,3379,29175,29241,29210,29241,29162,1458,1305,2074,1507,1731,2685,1160,1195,1032,1010,1647,1722,29039,29166,2147483647,64725,9,559,5081,7062,2497,51879,0,3,3,2
1-Rest,16:50:25.106,29131,7229,3054,1770,962,1393,777,1476,1410,931,900,2487,3462,29197,29206,29258,29263,29197,1472,1318,2096,1463,1735,2680,1221,1230,1028,1001,1652,1678,29078,29118,2147483647,64721,7,560,5081,7062,2497,51879,0,3,3,2
1-Rest,16:50:25.205,29148,7246,3045,1784,966,1362,769,1437,1450,918,962,2531,3445,29228,29175,29223,29267,29179,1480,1296,2087,1472,1740,2702,1204,1208,1019,958,1630,1757,29039,29192,2147483647,64723,13,557,5081,7062,2497,51879,0,3,3,2
1-Rest,16:50:25.380,29122,7202,3054,1775,958,1375,812,1437,1467,874,966,2452,3449,29250,29232,29276,29280,29245,1445,1309,2047,1454,1731,2711,1234,1195,993,988,1625,1661,29030,29153,2147483647,64725,13,562,5081,7062,2497,51879,0,3,3,2
1-Rest,16:50:25.490,29188,7242,3102,1784,1019,1375,777,1437,1467,936,909,2478,3410,29166,29153,29263,29245,29131,1480,1313,2074,1472,1757,2658,1217,1217,988,984,1630,1696,29175,29188,2147483647,64724,14,558,5081,7060,2497,51878,0,3,3,2
1-Rest,16:50:25.513,29201,7237,3067,1770,962,1366,808,1458,1454,922,966,2500,3423,29104,29192,29210,29197,29148,1476,1305,2083,1476,1744,2693,1186,1204,993,1010,1625,1718,29162,29192,2147483647,64719,21,558,5083,7053,2495,51875,0,3,3,2
1-Rest,16:50:25.613,29223,7242,3098,1744,988,1393,777,1463,1454,861,944,2465,3414,29087,29153,29197,29219,29140,1494,1322,2091,1472,1709,2711,1190,1190,1028,953,1582,1687,29175,29206,2147483647,64726,14,562,5088,7064,2485,51880,0,3,3,2
1-Rest,16:50:25.705,29192,7299,3111,1779,1001,1397,804,1480,1494,865,971,2513,3449,29254,29153,29153,29219,29206,1485,1274,2091,1476,1740,2693,1151,1217,993,962,1643,1744,29069,29153,2147483647,64731,22,559,5087,7060,2467,51875,0,3,3,2
1-Rest,16:50:25.880,29210,7255,3115,1806,971,1384,826,1472,1450,892,944,2487,3480,29144,29157,29250,29170,29175,1472,1283,2104,1498,1727,2693,1199,1252,1045,975,1652,1713,29219,29170,2147483647,64727,17,564,5087,7055,2455,51870,0,3,3,2
1-Rest,16:50:25.911,29192,7325,3115,1797,993,1437,795,1476,1458,909,958,2531,3458,29144,29043,29197,29206,29122,1485,1300,2069,1498,1801,2720,1204,1195,1037,975,1621,1757,29025,29206,2147483647,64731,20,563,5085,7055,2456,51870,0,3,3,2
1-Rest,16:50:26.080,29219,7316,3111,1744,958,1362,773,1480,1450,870,975,2491,3454,29236,29201,29214,29219,29179,1467,1300,2065,1437,1744,2733,1195,1195,1032,979,1630,1691,29109,29206,2147483647,64732,21,567,5081,7057,2454,51869,0,3,3,2
1-Rest,16:50:26.181,29219,7321,3194,1810,984,1388,795,1480,1476,909,927,2509,3489,29074,29100,29188,29254,29061,1507,1283,2091,1498,1757,2715,1168,1199,1001,971,1617,1674,29078,29188,2147483647,64728,15,564,5082,7057,2450,51868,0,3,3,2
1-Rest,16:50:26.280,29109,7294,3159,1770,997,1384,782,1494,1441,887,922,2509,3449,29228,29197,29232,29241,29241,1432,1322,2078,1507,1735,2742,1190,1239,1019,1010,1661,1683,29188,29170,2147483647,64726,14,563,5083,7056,2444,51867,0,3,3,2
1-Rest,16:50:26.390,29087,7334,3199,1801,984,1379,799,1498,1467,918,988,2496,3445,29197,29179,29166,29197,29206,1498,1313,2113,1489,1731,2755,1182,1195,997,1023,1661,1718,29074,29157,2147483647,64724,16,561,5081,7061,2447,51869,0,3,3,2
1-Rest,16:50:26.491,29250,7334,3155,1814,997,1388,812,1533,1476,870,966,2509,3484,29087,29192,29061,29039,29157,1502,1296,2056,1476,1757,2733,1226,1239,1019,993,1643,1691,29148,29236,2147483647,64727,14,554,5080,7067,2448,51872,0,3,3,2
1-Rest,16:50:26.581,29250,7352,3181,1784,966,1379,773,1524,1472,892,949,2518,3462,29078,29061,29030,29131,29140,1454,1278,2074,1516,1779,2707,1212,1208,1015,1010,1617,1735,29118,29184,2147483647,64728,17,563,5078,7073,2451,51875,0,3,3,2
1-Rest,16:50:26.607,29175,7321,3146,1762,1015,1388,817,1502,1454,865,940,2531,3418,29241,29166,29271,29254,29184,1485,1300,2052,1480,1740,2750,1186,1204,1001,984,1630,1727,29144,29170,2147483647,64727,19,563,5074,7070,2448,51872,0,3,3,2
1-Rest,16:50:26.780,29113,7299,3159,1806,975,1366,777,1529,1507,918,958,2491,3427,29241,29113,29210,29175,29122,1485,1327,2069,1463,1749,2777,1217,1221,993,993,1586,1731,29126,29118,2147483647,64725,17,565,5075,7065,2446,51869,0,3,3,2
1-Rest,16:50:26.804,29148,7325,3186,1814,1015,1388,764,1568,1480,909,944,2518,3471,29232,29162,29223,29258,29184,1502,1335,2078,1489,1779,2711,1190,1234,988,993,1608,1665,29122,29126,2147483647,64728,18,564,5075,7064,2446,51869,0,3,3,2
1-Rest,16:50:26.980,29162,7356,3146,1753,979,1415,786,1573,1494,905,940,2491,3440,29087,29166,29223,29210,29113,1507,1313,2069,1494,1770,2750,1190,1199,1028,984,1621,1713,29039,29254,2147483647,64727,17,560,5074,7064,2446,51868,0,3,3,2
1-Rest,16:50:27.005,29170,7365,3177,1788,988,1388,773,1511,1476,883,909,2513,3511,29206,29188,29188,29232,29210,1485,1327,2065,1485,1757,2764,1190,1204,1019,993,1634,1691,29118,29201,2147483647,64725,16,564,5074,7059,2445,51866,0,3,3,2
1-Rest,16:50:27.103,29144,7308,3199,1784,975,1362,830,1546,1480,914,944,2509,3484,29223,29210,29241,29228,29219,1507,1291,2056,1450,1740,2786,1195,1248,1032,1001,1665,1718,29012,29170,2147483647,64723,11,562,5075,7056,2444,51864,0,3,3,2
1-Rest,16:50:27.215,29135,7294,3133,1779,975,1423,782,1546,1494,896,940,2504,3480,29140,29148,29012,29034,29148,1489,1300,2109,1507,1770,2768,1186,1226,1028,993,1621,1683,29223,29219,2147483647,64729,14,565,5075,7051,2439,51861,0,3,3,2
1-Rest,16:50:27.380,29153,7312,3181,1792,971,1388,769,1577,1511,905,922,2562,3480,29179,29188,29188,29241,29223,1498,1296,2100,1472,1753,2772,1151,1217,1010,984,1639,1727,29096,29113,2147483647,64730,17,564,5075,7050,2437,51859,0,3,3,2
1-Rest,16:50:27.490,29135,7286,3128,1801,975,1353,799,1542,1511,909,922,2540,3480,29250,29245,29228,29263,29267,1480,1322,2104,1511,1735,2715,1204,1261,1015,971,1647,1705,29126,29144,2147483647,64730,15,566,5072,7049,2436,51858,0,3,3,2
1-Rest,16:50:27.580,29236,7224,3111,1810,1010,1423,738,1564,1533,900,962,2526,3498,29148,29047,29021,29078,29122,1489,1296,2043,1467,1762,2755,1204,1217,1041,993,1639,1713,29179,29311,2147483647,64727,12,560,5072,7049,2435,51858,0,3,3,2
1-Rest,16:50:27.691,29091,7290,3142,1762,1001,1366,799,1560,1538,914,944,2557,3467,29214,29210,29210,29241,29214,1458,1300,2083,1463,1735,2750,1230,1190,1032,953,1617,1700,29219,29197,2147483647,64727,12,565,5072,7045,2433,51856,0,3,3,2
1-Rest,16:50:27.716,29228,7277,3098,1762,1001,1362,791,1564,1524,927,940,2518,3445,29144,29153,29047,29030,29113,1472,1283,2074,1494,1801,2733,1186,1195,1041,949,1652,1718,29184,29241,2147483647,64727,12,563,5072,7043,2431,51854,0,3,3,2
1-Rest,16:50:27.805,29087,7259,3111,1766,971,1349,764,1538,1524,878,936,2522,3484,29258,29192,29223,29201,29219,1458,1327,2083,1472,1722,2772,1230,1256,1037,997,1643,1753,29109,29091,2147483647,64727,16,569,5072,7043,2431,51854,0,3,3,2
1-Rest,16:50:27.905,29157,7264,3115,1792,988,1375,782,1551,1516,909,953,2553,3506,29250,29223,29201,29232,29219,1498,1296,2087,1458,1784,2742,1186,1252,1041,958,1639,1722,29179,29078,2147483647,64732,16,563,5072,7044,2431,51854,0,3,3,2
1-Rest,16:50:28.006,29144,7268,3137,1775,971,1371,795,1564,1502,927,949,2562,3480,29192,29214,29153,29170,29206,1498,1300,2061,1485,1731,2702,1164,1199,1028,1001,1625,1713,29096,29109,2147483647,64727,16,563,5075,7044,2429,51855,0,3,3,2
1-Rest,16:50:28.190,29254,7312,3098,1797,1015,1357,777,1568,1494,914,918,2540,3454,29162,29144,28920,28880,29135,1467,1313,2069,1502,1735,2724,1160,1177,1032,993,1639,1709,29144,29219,2147483647,64720,14,558,5075,7044,2429,51856,0,3,3,2
1-Rest,16:50:28.213,29170,7290,3106,1788,966,1406,799,1551,1502,870,953,2513,3476,29162,29113,29061,29179,29184,1494,1300,2047,1485,1770,2724,1182,1217,1028,958,1656,1674,29162,29201,2147483647,64728,13,563,5073,7051,2433,51859,0,3,3,2
1-Rest,16:50:28.381,29320,7229,3071,1810,975,1375,799,1608,1516,900,962,2575,3476,29148,29113,28951,28968,29157,1463,1248,2096,1494,1749,2733,1177,1226,1032,997,1656,1749,29179,29289,2147483647,64728,16,558,5071,7061,2438,51864,0,3,3,2
1-Rest,16:50:28.480,29126,7312,3120,1801,971,1375,777,1542,1472,922,993,2535,3511,29236,29236,29254,29241,29241,1445,1305,2083,1494,1775,2768,1177,1226,1041,975,1643,1709,29131,29118,2147483647,64723,12,557,5070,7070,2443,51869,0,3,3,2
1-Rest,16:50:28.580,29131,7264,3089,1814,1001,1397,764,1568,1511,931,909,2513,3489,29201,29236,29271,29245,29219,1476,1296,2100,1401,1770,2781,1155,1217,997,993,1634,1718,29192,29122,2147483647,64722,15,561,5067,7081,2448,51875,0,3,3,2
1-Rest,16:50:28.680,29250,7290,3128,1797,1015,1375,791,1564,1498,909,914,2548,3493,29140,29126,29091,29091,29140,1516,1296,2100,1502,1696,2790,1190,1230,1045,1010,1630,1705,29188,29254,2147483647,64721,12,558,5064,7092,2454,51881,0,3,3,2
1-Rest,16:50:28.781,29126,7281,3076,1806,988,1366,777,1546,1529,914,949,2540,3498,29210,29219,29210,29228,29214,1485,1318,2069,1463,1735,2772,1212,1252,1059,984,1617,1740,29140,29162,2147483647,64728,18,557,5061,7099,2458,51884,0,3,3,2
1-Rest,16:50:28.806,29144,7286,3098,1762,988,1362,786,1586,1524,896,953,2557,3467,29241,29214,29170,29228,29223,1524,1313,2096,1485,1735,2794,1221,1217,1037,993,1617,1727,29069,29126,2147483647,64727,21,561,5060,7100,2460,51884,0,3,3,2
1-Rest,16:50:28.902,29135,7268,3137,1762,993,1375,773,1568,1507,878,936,2544,3511,29197,29201,29131,29201,29254,1480,1300,2078,1507,1718,2794,1199,1252,1032,1019,1643,1700,29061,29109,2147483647,64723,18,553,5060,7098,2459,51883,0,3,3,2
1-Rest,16:50:29.003,29096,7259,3128,1762,1019,1344,795,1560,1520,914,975,2592,3528,29263,29258,29201,29241,29232,1472,1322,2083,1485,1722,2746,1190,1226,1041,962,1665,1687,29118,29157,2147483647,64721,15,560,5057,7100,2455,51882,0,3,3,2
1-Rest,16:50:29.191,29192,7294,3089,1784,1019,1357,747,1577,1511,940,949,2570,3476,29131,29096,28929,28951,29109,1454,1331,2087,1485,1766,2781,1195,1217,1045,1001,1595,1705,29241,29210,2147483647,64721,11,560,5051,7106,2453,51883,0,3,3,2
1-Rest,16:50:29.215,29188,7255,3098,1770,975,1353,799,1586,1533,896,953,2540,3498,29170,29166,29157,29157,29144,1507,1291,2065,1467,1766,2768,1177,1221,1067,975,1643,1696,29096,29184,2147483647,64721,9,561,5048,7101,2454,51879,0,3,3,2
1-Rest,16:50:29.308,29100,7255,3080,1770,971,1384,777,1560,1533,861,900,2557,3498,29289,29214,29232,29201,29197,1502,1353,2083,1463,1722,2742,1160,1190,1028,966,1582,1718,29087,29126,2147483647,64723,15,561,5048,7095,2451,51876,0,3,3,2
1-Rest,16:50:29.491,29223,7246,3080,1770,988,1401,773,1582,1520,896,936,2562,3484,29210,29179,29175,29166,29109,1485,1248,2078,1485,1749,2794,1190,1221,1032,984,1604,1683,29109,29271,2147483647,64725,11,558,5049,7090,2449,51873,0,3,3,2
1-Rest,16:50:29.517,29210,7250,3120,1784,1001,1371,826,1608,1560,944,944,2548,3555,29197,29188,29162,29201,29162,1498,1322,2087,1516,1814,2786,1182,1208,1028,997,1612,1691,29197,29271,2147483647,64725,15,562,5049,7083,2443,51868,0,3,3,2
1-Rest,16:50:29.606,29043,7308,3093,1797,979,1379,804,1608,1538,918,931,2553,3502,29236,29210,29214,29228,29228,1472,1300,2078,1520,1744,2777,1186,1212,1050,962,1617,1678,29170,29096,2147483647,64723,17,560,5050,7080,2442,51867,0,3,3,2
1-Rest,16:50:29.712,29214,7215,3089,1801,971,1362,799,1560,1555,878,958,2566,3498,29175,29131,29052,29104,29118,1524,1327,2083,1476,1775,2812,1195,1195,1054,988,1652,1683,29197,29210,2147483647,64724,16,558,5050,7075,2439,51864,0,3,3,2
1-Rest,16:50:29.810,29069,7255,3150,1814,949,1349,791,1586,1564,953,936,2588,3489,29289,29192,29241,29267,29210,1467,1300,2069,1507,1770,2772,1199,1212,1010,997,1612,1709,29232,29113,2147483647,64723,14,556,5050,7073,2438,51863,0,3,3,2
1-Rest,16:50:29.905,29214,7272,3049,1784,979,1327,795,1538,1560,900,962,2566,3458,29228,29250,29179,29188,29263,1467,1309,2100,1494,1713,2808,1199,1221,993,971,1617,1700,29144,29087,2147483647,64727,15,560,5049,7069,2431,51859,0,3,3,2
1-Gesture 2,16:50:30.006,29091,7242,3093,1810,988,1318,817,1582,1533,905,953,2601,3533,29232,29214,29184,29214,29201,1472,1309,2065,1489,1770,2808,1195,1226,1010,971,1652,1674,29206,29162,2147483647,64723,16,564,5049,7062,2427,51855,0,3,3,2
1-Gesture 2,16:50:30.191,29267,7264,3124,1779,988,1375,795,1560,1560,927,975,2575,3480,29206,29131,29034,29083,29100,1476,1322,2118,1472,1766,2777,1217,1204,1045,1015,1625,1678,29144,29201,2147483647,64726,15,560,5049,7061,2424,51853,0,3,3,2
1-Gesture 2,16:50:30.281,29206,7286,3128,1766,975,1362,795,1617,1502,870,936,2570,3449,29140,29096,29078,29157,29148,1507,1313,2056,1467,1753,2799,1221,1204,1032,971,1621,1678,29188,29206,2147483647,64724,16,561,5049,7059,2423,51852,0,3,3,2
1-Gesture 2,16:50:30.380,29148,7250,3111,1806,1010,1349,769,1582,1568,914,949,2605,3449,29184,29197,29162,29153,29170,1467,1309,2087,1458,1766,2816,1208,1261,1015,984,1652,1722,29148,29157,2147483647,64727,17,558,5050,7054,2421,51850,0,3,3,2
1-Gesture 2,16:50:30.480,29157,7281,3098,1792,988,1331,764,1599,1524,887,958,2619,3427,29148,29188,29228,29206,29179,1494,1331,2100,1489,1819,2821,1199,1217,997,993,1634,1691,29100,29140,2147483647,64723,16,559,5050,7051,2419,51847,0,3,3,2
1-Gesture 2,16:50:30.506,29135,7277,3124,1819,971,1384,799,1612,1560,896,966,2583,3432,29245,29214,29192,29162,29245,1463,1318,2100,1467,1792,2816,1195,1226,1015,975,1652,1678,29170,29148,2147483647,64722,17,560,5050,7047,2415,51845,0,3,3,2
1-Gesture 2,16:50:30.681,29131,7264,3128,1801,984,1388,795,1630,1599,922,944,2610,3524,29184,29206,29170,29170,29250,1458,1300,2122,1454,1788,2825,1182,1217,1032,979,1639,1731,29184,29135,2147483647,64727,18,563,5049,7046,2412,51844,0,3,3,2
1-Gesture 2,16:50:30.780,29118,7330,3142,1810,993,1353,830,1608,1595,834,944,2649,3511,29197,29267,29153,29192,29210,1502,1309,2113,1467,1806,2834,1243,1243,1054,975,1669,1718,29122,29157,2147483647,64727,18,561,5041,7053,2404,51843,0,3,3,2
1-Gesture 2,16:50:30.809,29113,7312,3142,1823,984,1379,812,1630,1612,914,979,2614,3480,29214,29206,29206,29223,29236,1489,1313,2104,1476,1757,2843,1199,1265,1023,1010,1669,1700,29144,29104,2147483647,64724,11,559,5035,7064,2401,51847,0,3,3,2
1-Gesture 2,16:50:30.991,29118,7303,3164,1814,962,1331,777,1582,1604,905,936,2649,3515,29109,29188,29175,29148,29236,1472,1340,2074,1494,1779,2847,1190,1221,1028,971,1634,1727,29166,29109,2147483647,64722,17,558,5023,7079,2387,51847,0,3,3,2
1-Gesture 2,16:50:31.019,29153,7325,3168,1797,979,1362,808,1652,1604,922,971,2636,3520,29245,29144,29179,29179,29153,1489,1318,2091,1489,1810,2869,1204,1234,1006,1006,1643,1713,29140,29126,2147483647,64724,18,563,5013,7091,2378,51847,0,3,3,2
1-Gesture 2,16:50:31.180,29201,7294,3168,1788,953,1335,782,1630,1621,931,953,2649,3454,29017,29206,29192,29188,29184,1458,1322,2109,1458,1801,2843,1204,1195,1054,993,1630,1705,29100,29157,2147483647,64722,25,557,5006,7105,2374,51852,0,3,3,2
1-Gesture 2,16:50:31.282,29118,7299,3155,1775,979,1371,795,1630,1599,905,940,2685,3436,28977,29232,29263,29219,29258,1507,1335,2091,1498,1801,2874,1195,1217,1037,979,1612,1705,29140,29122,2147483647,64724,22,564,5002,7115,2375,51856,0,3,3,2
1-Gesture 2,16:50:31.381,29140,7312,3128,1792,1001,1362,791,1608,1604,953,936,2685,3440,29122,29166,29236,29228,29184,1489,1322,2118,1467,1814,2847,1199,1217,1015,988,1634,1696,29192,29201,2147483647,64720,23,558,5001,7125,2372,51860,0,3,3,2
1-Gesture 2,16:50:31.480,29091,7316,3164,1792,971,1388,804,1590,1577,909,922,2658,3489,29078,29254,29175,29250,29250,1494,1309,2096,1480,1814,2847,1243,1243,1019,997,1647,1718,29153,29188,2147483647,64720,16,556,4994,7136,2368,51862,0,3,3,2
1-Gesture 2,16:50:31.580,29175,7369,3159,1823,975,1344,773,1612,1604,914,949,2663,3423,29043,29210,29170,29197,29219,1480,1318,2078,1502,1797,2856,1190,1265,1028,997,1656,1727,29144,29153,2147483647,64723,16,556,4989,7152,2373,51870,0,3,3,2
1-Gesture 2,16:50:31.605,29043,7303,3124,1810,1001,1340,808,1612,1595,892,940,2627,3511,29135,29214,29201,29214,29206,1480,1327,2100,1472,1766,2808,1155,1190,1019,962,1630,1709,29201,29135,2147483647,64721,16,558,4986,7166,2381,51877,0,3,3,2
1-Gesture 2,16:50:31.781,29197,7308,3168,1823,1010,1340,795,1608,1608,909,971,2671,3458,29100,29192,29201,29210,29250,1489,1349,2083,1494,1766,2852,1208,1199,1037,979,1625,1722,29157,29162,2147483647,64718,18,548,4985,7172,2385,51881,0,3,3,2
1-Gesture 2,16:50:31.804,29144,7220,3146,1784,1001,1327,769,1538,1560,848,936,2658,3467,29096,29214,29267,29254,29201,1445,1300,2122,1480,1766,2843,1204,1221,1028,971,1647,1718,29188,29135,2147483647,64719,15,554,4983,7180,2389,51885,0,3,3,2
1-Gesture 2,16:50:31.980,29188,7255,3111,1788,953,1318,808,1608,1564,905,979,2658,3410,29258,29254,29166,29241,29267,1511,1296,2109,1494,1828,2882,1230,1199,1054,984,1621,1709,29034,29175,2147483647,64720,22,552,4983,7187,2391,51889,0,3,3,2
1-Gesture 2,16:50:32.081,29148,7250,3058,1823,1010,1349,799,1639,1590,922,940,2658,3432,29184,29280,29250,29236,29293,1489,1353,2074,1454,1788,2865,1221,1230,1028,1015,1608,1749,29170,29175,2147483647,64727,23,553,4983,7187,2391,51889,0,3,3,2
1-Gesture 2,16:50:32.104,29126,7286,3062,1814,988,1322,777,1604,1595,892,1001,2676,3484,29179,29276,29271,29192,29263,1458,1309,2069,1485,1788,2838,1199,1230,997,984,1647,1727,29267,29118,2147483647,64710,30,556,4982,7194,2392,51892,0,3,3,2
1-Gesture 2,16:50:32.226,29113,7202,3098,1797,944,1331,738,1582,1612,900,979,2610,3440,29285,29302,29254,29236,29285,1476,1344,2087,1441,1731,2812,1234,1204,1001,1019,1617,1740,29118,29061,2147483647,64719,25,548,4980,7203,2396,51897,0,3,3,2
1-Gesture 2,16:50:32.306,29122,7242,3023,1823,966,1349,812,1590,1617,927,927,2623,3458,28995,29201,29153,29210,29267,1480,1318,2039,1485,1740,2825,1195,1217,984,979,1630,1674,29144,29206,2147483647,64719,21,552,4979,7209,2398,51901,0,3,3,2
1-Gesture 2,16:50:32.406,29175,7211,3071,1792,997,1313,812,1639,1621,914,949,2667,3375,29144,29241,29188,29258,29236,1480,1296,2087,1516,1784,2847,1226,1212,1010,971,1612,1727,29126,29118,2147483647,64715,20,553,4978,7211,2399,51901,0,3,3,2
1-Gesture 2,16:50:32.581,29219,7198,3019,1806,975,1322,812,1639,1612,914,966,2658,3383,29219,29170,29122,29140,29122,1502,1313,2087,1489,1775,2852,1195,1265,984,975,1608,1718,29201,29197,2147483647,64721,21,550,4977,7205,2395,51897,0,3,3,2
1-Gesture 2,16:50:32.680,29140,7246,3045,1845,1006,1318,848,1582,1595,905,922,2645,3467,29109,29223,29241,29254,29254,1502,1318,2104,1494,1784,2830,1199,1230,988,927,1630,1700,29232,29184,2147483647,64717,20,547,4972,7204,2383,51893,0,3,3,2
1-Gesture 2,16:50:32.781,29153,7224,3093,1792,1001,1335,808,1604,1564,861,958,2649,3410,29113,29333,29263,29241,29298,1485,1300,2052,1480,1762,2816,1226,1234,1023,975,1625,1731,29157,29175,2147483647,64716,22,548,4967,7205,2376,51890,0,3,3,2
1-Gesture 2,16:50:32.882,29131,7220,3089,1823,979,1309,804,1630,1582,909,962,2614,3454,29184,29258,29245,29201,29245,1472,1335,2069,1502,1753,2808,1195,1243,1032,971,1590,1713,29179,29197,2147483647,64717,27,551,4963,7205,2370,51888,0,3,3,2
1-Gesture 2,16:50:32.980,29236,7167,3045,1797,984,1353,817,1582,1599,914,966,2583,3480,29135,29228,29219,29223,29188,1467,1296,2109,1485,1766,2799,1195,1208,1023,993,1661,1727,29122,29271,2147483647,64722,26,553,4958,7204,2367,51885,0,3,3,2
1-Gesture 2,16:50:33.006,29197,7163,3014,1814,984,1340,786,1617,1555,918,966,2632,3462,29162,29188,29219,29258,29258,1467,1283,2078,1489,1797,2808,1195,1212,975,1001,1634,1735,29153,29153,2147483647,64717,23,550,4959,7198,2365,51882,0,3,3,2
1-Gesture 2,16:50:33.181,29166,7215,3049,1779,966,1331,786,1621,1621,918,953,2632,3401,29228,29263,29236,29254,29276,1507,1305,2096,1498,1766,2799,1230,1221,1028,988,1661,1705,29157,29157,2147483647,64725,22,554,4958,7193,2361,51878,0,3,3,2
1-Gesture 2,16:50:33.281,29175,7233,3032,1792,997,1305,777,1577,1604,936,927,2671,3432,29179,29241,29236,29175,29170,1458,1283,2065,1494,1801,2803,1186,1283,988,988,1621,1731,29166,29228,2147483647,64722,25,552,4959,7189,2360,51876,0,3,3,2
1-Gesture 2,16:50:33.390,29162,7220,3067,1810,975,1357,791,1621,1604,905,971,2623,3436,29236,29228,29078,29166,29192,1507,1305,2096,1516,1779,2781,1212,1226,997,1006,1643,1700,29087,29228,2147483647,64713,21,557,4960,7179,2356,51871,0,3,3,2
1-Gesture 2,16:50:33.480,29074,7211,3041,1744,1010,1327,799,1599,1590,887,962,2610,3458,29214,29250,29131,29144,29267,1476,1322,2078,1494,1779,2790,1212,1221,1001,1001,1617,1731,29109,29166,2147483647,64722,22,558,4961,7169,2350,51865,0,3,3,2
1-Gesture 2,16:50:33.581,29254,7211,3045,1797,966,1327,848,1586,1639,892,949,2619,3489,29135,29241,29210,29228,29214,1520,1291,2069,1489,1770,2816,1208,1252,997,993,1621,1718,29135,29206,2147483647,64718,26,552,4961,7160,2343,51859,0,3,3,2
1-Gesture 2,16:50:33.606,29144,7163,3089,1797,1010,1344,821,1604,1604,887,940,2632,3454,29157,29210,29241,29241,29206,1485,1291,2078,1516,1753,2790,1168,1186,1023,1001,1621,1757,29166,29263,2147483647,64721,20,550,4962,7156,2341,51857,0,3,3,2
1-Gesture 2,16:50:33.703,29162,7233,3084,1788,979,1318,760,1595,1608,922,953,2627,3449,29184,29219,29228,29232,29236,1458,1300,2091,1467,1797,2812,1164,1221,984,958,1590,1691,29236,29206,2147483647,64712,23,553,4962,7151,2338,51854,0,3,3,2
1-Gesture 2,16:50:33.804,29219,7215,3036,1797,1001,1335,843,1643,1604,909,949,2592,3432,29166,29135,29197,29223,29179,1467,1318,2104,1507,1757,2816,1217,1217,1006,966,1643,1709,29170,29188,2147483647,64720,22,555,4960,7138,2323,51844,0,3,3,2
1-Gesture 2,16:50:33.981,29214,7215,3036,1810,1015,1327,786,1577,1661,918,988,2592,3396,29184,29223,29192,29228,29122,1472,1322,2078,1476,1766,2821,1199,1230,1006,975,1687,1727,29214,29201,2147483647,64725,26,558,4959,7139,2325,51844,0,3,3,2
1-Gesture 2,16:50:34.005,29232,7180,3045,1792,962,1340,799,1604,1608,918,984,2597,3427,29140,29109,29232,29206,29008,1476,1265,2087,1472,1740,2772,1204,1252,997,993,1630,1718,29175,29210,2147483647,64720,23,557,4959,7138,2324,51843,0,3,3,2
1-Gesture 2,16:50:34.104,29228,7193,3032,1779,984,1349,817,1612,1577,878,927,2605,3449,29166,29135,29258,29245,29201,1511,1300,2078,1485,1788,2781,1221,1243,1023,984,1630,1718,29144,29254,2147483647,64718,21,556,4958,7127,2315,51836,0,3,3,2
1-Gesture 2,16:50:34.281,29223,7198,3014,1801,979,1322,826,1595,1608,896,931,2605,3440,29126,29148,29175,29192,29131,1502,1313,2091,1480,1766,2768,1199,1261,1015,975,1639,1696,29210,29214,2147483647,64721,26,558,4959,7120,2312,51832,0,3,3,2
1-Gesture 2,16:50:34.307,29232,7167,3041,1784,971,1353,791,1573,1582,953,962,2597,3471,29175,29091,29214,29210,29003,1437,1296,2083,1498,1823,2794,1199,1252,988,966,1643,1687,29197,29201,2147483647,64724,25,561,4958,7122,2311,51832,0,3,3,2
1-Gesture 2,16:50:34.413,29206,7215,3045,1770,993,1318,817,1604,1520,900,940,2605,3410,29162,29091,29236,29201,29065,1529,1327,2083,1463,1792,2764,1234,1186,1001,975,1630,1691,29254,29236,2147483647,64726,26,555,4953,7131,2314,51836,0,3,3,2
1-Gesture 2,16:50:34.505,29157,7180,3010,1819,979,1291,738,1551,1595,909,931,2601,3410,29175,29091,29179,29219,29192,1445,1313,2047,1467,1814,2790,1182,1204,1015,979,1661,1718,29206,29192,2147483647,64721,28,554,4953,7137,2316,51839,0,3,3,2
1-Gesture 2,16:50:34.604,29219,7198,3023,1788,1041,1327,755,1595,1582,896,971,2575,3410,29104,29157,29219,29201,29083,1511,1309,2039,1472,1788,2786,1208,1177,1037,958,1612,1718,29201,29192,2147483647,64717,24,554,4951,7148,2321,51845,0,3,3,2
1-Gesture 2,16:50:34.781,29201,7198,2992,1788,940,1366,804,1586,1590,878,984,2575,3401,29140,29100,29201,29210,29096,1485,1318,2074,1489,1819,2772,1204,1234,993,988,1630,1652,29241,29188,2147483647,64725,17,555,4948,7156,2325,51849,0,3,3,2
1-Gesture 2,16:50:34.804,29232,7158,3023,1770,979,1331,786,1590,1612,927,931,2601,3454,29078,29056,29214,29219,29118,1480,1327,2034,1472,1775,2781,1208,1195,1028,997,1652,1691,29192,29206,2147483647,64725,22,559,4947,7160,2329,51851,0,3,3,2
1-Gesture 2,16:50:34.906,29210,7189,3036,1775,953,1305,799,1590,1608,900,936,2575,3449,29135,29118,29254,29210,29039,1472,1313,2087,1480,1753,2733,1186,1234,1019,979,1630,1691,29166,29241,2147483647,64721,21,551,4946,7163,2332,51853,0,3,3,2
1-Rest,16:50:35.017,29201,7163,3019,1814,958,1305,764,1586,1630,900,962,2597,3449,29179,29214,29153,29148,29219,1454,1296,2074,1472,1744,2777,1208,1226,984,953,1674,1687,29192,29201,2147483647,64722,24,557,4944,7169,2335,51856,0,3,3,2
1-Rest,16:50:35.106,29206,7171,3032,1797,979,1344,817,1590,1612,905,936,2588,3414,29140,29043,29223,29188,29047,1472,1296,2100,1467,1806,2799,1190,1234,1023,1001,1656,1674,29184,29192,2147483647,64724,25,558,4943,7172,2337,51858,0,3,3,2
1-Rest,16:50:35.203,29241,7189,2939,1784,1019,1291,791,1555,1577,887,940,2610,3405,29140,29074,29241,29263,29052,1467,1291,2087,1458,1762,2755,1195,1221,1006,1001,1630,1700,29153,29184,2147483647,64728,22,551,4938,7178,2342,51860,0,3,3,2
1-Rest,16:50:35.381,29135,7158,3005,1797,979,1331,791,1560,1604,900,949,2583,3445,29157,29043,29210,29232,29109,1533,1270,2069,1498,1762,2746,1221,1230,975,953,1625,1691,29148,29140,2147483647,64721,28,559,4937,7186,2345,51864,0,3,3,2
1-Rest,16:50:35.404,29214,7171,3005,1779,962,1331,782,1568,1582,918,944,2619,3405,29148,29056,29285,29320,29047,1450,1344,2056,1463,1762,2750,1182,1199,997,944,1599,1735,29175,29214,2147483647,64724,25,549,4938,7184,2344,51863,0,3,3,2
1-Rest,16:50:35.580,29175,7198,3014,1770,975,1335,804,1586,1586,931,953,2597,3436,29065,29065,29271,29219,29135,1476,1287,2065,1450,1735,2777,1195,1226,1001,988,1582,1722,29148,29201,2147483647,64722,20,550,4939,7178,2342,51860,0,3,3,2
1-Rest,16:50:35.680,29214,7158,3001,1797,975,1305,773,1573,1608,931,949,2619,3454,29148,29104,29245,29254,29162,1502,1327,2087,1467,1770,2790,1195,1217,979,1028,1608,1718,29219,29236,2147483647,64720,23,561,4938,7171,2335,51855,0,3,3,2
1-Rest,16:50:35.781,29184,7176,2970,1788,949,1278,804,1564,1568,861,958,2619,3423,29104,29197,29250,29302,29135,1480,1274,2074,1485,1779,2777,1168,1243,1001,975,1621,1696,29135,29214,2147483647,64722,21,553,4938,7163,2329,51850,0,3,3,2
1-Rest,16:50:35.807,29232,7185,3049,1788,975,1313,821,1582,1595,892,931,2614,3436,29118,29131,29250,29293,29140,1476,1313,2078,1502,1757,2764,1221,1221,1028,971,1630,1722,29192,29245,2147483647,64722,20,555,4936,7159,2322,51846,0,3,3,2
1-Rest,16:50:35.980,29157,7215,3019,1779,984,1322,791,1590,1595,874,918,2601,3405,29179,29210,29271,29241,29162,1450,1335,2052,1472,1766,2777,1173,1195,993,993,1687,1713,29140,29214,2147483647,64722,21,558,4932,7151,2321,51840,0,3,3,2
1-Rest,16:50:36.003,29144,7211,3076,1784,949,1344,751,1625,1573,918,940,2641,3440,29179,29179,29320,29263,29162,1476,1313,2074,1472,1762,2786,1199,1212,1010,953,1647,1691,29232,29192,2147483647,64720,24,558,4931,7140,2319,51834,0,3,3,2
1-Rest,16:50:36.118,29162,7145,3062,1814,975,1349,777,1634,1608,940,949,2641,3458,29228,29179,29144,29175,29179,1498,1278,2061,1476,1788,2799,1182,1243,997,988,1634,1687,29144,29153,2147483647,64721,21,554,4928,7134,2314,51828,0,3,3,2
1-Rest,16:50:36.281,29135,7224,3054,1788,997,1327,791,1595,1573,887,958,2588,3414,29104,29179,29250,29228,29157,1415,1309,2056,1480,1775,2821,1182,1208,1001,962,1599,1713,29210,29219,2147483647,64721,19,554,4926,7129,2306,51824,0,3,3,2
1-Rest,16:50:36.308,29179,7163,3041,1784,971,1313,786,1595,1595,878,958,2583,3432,29091,29157,29228,29162,29162,1472,1327,2074,1463,1828,2794,1208,1212,997,971,1625,1678,29153,29236,2147483647,64725,20,558,4921,7139,2309,51827,0,3,3,2
1-Rest,16:50:36.405,29175,7207,3058,1766,971,1340,804,1586,1604,887,962,2566,3405,29175,29197,29166,29263,29153,1458,1296,2109,1529,1753,2794,1208,1261,1015,944,1652,1731,29100,29175,2147483647,64724,23,564,4919,7142,2310,51828,0,3,3,2
1-Rest,16:50:36.591,29206,7224,3014,1797,1001,1300,791,1560,1564,883,940,2570,3440,29166,29219,29206,29206,29232,1480,1287,2047,1494,1740,2790,1190,1182,1019,949,1639,1674,29034,29223,2147483647,64720,19,556,4917,7143,2312,51829,0,3,3,2
1-Rest,16:50:36.691,29223,7171,3005,1775,1015,1327,773,1546,1590,896,940,2627,3418,29210,29223,29214,29210,29188,1533,1287,2078,1498,1753,2790,1182,1204,1006,962,1625,1705,28929,29206,2147483647,64720,19,559,4914,7146,2313,51830,0,3,3,2
1-Rest,16:50:36.715,29214,7202,3054,1784,1006,1300,821,1568,1573,922,984,2605,3454,29184,29179,29250,29219,29197,1450,1327,2118,1458,1775,2768,1186,1186,1006,979,1612,1740,29047,29223,2147483647,64724,22,561,4912,7150,2316,51831,0,3,3,2
1-Rest,16:50:36.808,29210,7202,3014,1740,975,1357,773,1551,1595,874,966,2583,3353,29131,29188,29043,29078,29131,1458,1344,2043,1511,1779,2790,1160,1212,984,975,1656,1718,29135,29210,2147483647,64723,21,558,4910,7155,2319,51834,0,3,3,2
1-Rest,16:50:36.905,29148,7229,3071,1766,993,1335,817,1617,1560,896,940,2575,3432,29096,29140,29003,29034,29091,1441,1362,2087,1494,1762,2768,1186,1221,1010,1015,1608,1727,29157,29258,2147483647,64723,16,561,4909,7157,2321,51835,0,3,3,2
1-Rest,16:50:37.080,29228,7224,3062,1770,966,1313,812,1551,1608,909,900,2562,3414,29126,29157,29003,29030,29083,1498,1340,2074,1489,1744,2794,1160,1195,1010,1006,1590,1705,29113,29232,2147483647,64723,19,558,4908,7158,2320,51834,0,3,3,2
1-Rest,16:50:37.105,29219,7246,3102,1819,997,1313,812,1590,1555,896,962,2575,3449,29126,29126,29122,29126,29157,1450,1300,2074,1463,1744,2777,1208,1239,1019,979,1639,1705,29232,29258,2147483647,64719,18,559,4906,7162,2323,51837,0,3,3,2
1-Rest,16:50:37.205,29232,7259,3045,1806,975,1362,821,1568,1560,927,944,2548,3436,29074,29069,29065,29140,29100,1485,1296,2096,1476,1740,2759,1212,1199,1010,971,1643,1722,29197,29236,2147483647,64718,21,563,4901,7166,2325,51837,0,3,3,2
1-Rest,16:50:37.381,29201,7264,3080,1753,966,1305,777,1568,1533,940,940,2566,3405,29179,29100,29109,29034,29126,1494,1318,2061,1476,1740,2768,1199,1217,1001,958,1625,1661,29113,29254,2147483647,64721,20,553,4901,7163,2325,51836,0,3,3,2
1-Rest,16:50:37.480,29192,7215,3049,1762,993,1327,786,1608,1617,914,962,2557,3414,29162,29122,29100,29078,29113,1511,1300,2109,1472,1757,2812,1186,1204,1045,997,1643,1722,29131,29223,2147483647,64722,19,558,4901,7160,2324,51834,0,3,3,2
1-Rest,16:50:37.581,29250,7211,3027,1744,993,1322,799,1568,1568,914,936,2570,3432,29175,29170,29074,29056,29140,1480,1296,2078,1507,1731,2799,1217,1252,993,979,1639,1718,29197,29267,2147483647,64724,20,556,4902,7158,2323,51833,0,3,3,2
1-Rest,16:50:37.711,29192,7185,3054,1775,953,1300,791,1538,1577,909,966,2610,3396,29104,29118,29091,29153,29096,1472,1296,2043,1476,1727,2786,1151,1252,993,949,1634,1731,29135,29245,2147483647,64724,21,553,4902,7159,2323,51834,0,3,3,2
1-Rest,16:50:37.781,29263,7207,3032,1779,988,1344,786,1586,1608,896,971,2570,3440,29214,29236,29179,29166,29201,1511,1305,2052,1458,1788,2808,1195,1208,1019,944,1669,1735,29214,29258,2147483647,64723,26,556,4903,7159,2323,51834,0,3,3,2
1-Rest,16:50:37.806,29241,7264,3027,1784,988,1296,834,1612,1582,909,962,2518,3410,29140,29113,29118,29118,29087,1467,1274,2061,1467,1766,2790,1155,1204,1015,979,1612,1727,29144,29236,2147483647,64721,25,554,4902,7158,2321,51833,0,3,3,2
1-Rest,16:50:37.981,29206,7220,3054,1784,984,1327,821,1573,1546,931,927,2540,3440,29179,29162,29118,29148,29157,1502,1265,2074,1458,1749,2812,1234,1164,1037,984,1630,1700,29144,29201,2147483647,64724,20,555,4904,7158,2320,51833,0,3,3,2
1-Rest,16:50:38.003,29184,7277,3102,1836,953,1252,799,1582,1604,887,940,2579,3467,29179,29091,29025,29017,29056,1463,1274,2052,1458,1753,2781,1190,1177,1015,971,1612,1700,29166,29219,2147483647,64721,22,549,4902,7160,2322,51834,0,3,3,2
1-Rest,16:50:38.181,29175,7233,3093,1753,975,1313,769,1599,1524,909,922,2592,3414,29135,29170,29109,29166,29122,1467,1322,2100,1480,1766,2799,1212,1204,1006,918,1612,1696,29188,29192,2147483647,64718,20,549,4899,7165,2321,51835,0,3,3,2
1-Rest,16:50:38.280,29166,7237,3133,1770,962,1379,799,1573,1582,887,918,2570,3423,29096,29104,29162,29148,29069,1489,1305,2052,1472,1770,2816,1199,1261,1019,1006,1608,1700,29131,29153,2147483647,64728,17,558,4884,7175,2320,51835,0,3,3,2
1-Rest,16:50:38.381,29184,7259,3098,1784,975,1287,799,1595,1555,914,936,2544,3405,29148,29118,29003,29021,29162,1480,1300,2074,1463,1797,2830,1173,1270,993,979,1604,1669,29232,29223,2147483647,64716,23,551,4873,7177,2330,51834,0,3,3,2
1-Rest,16:50:38.404,29170,7281,3115,1744,1001,1305,821,1608,1577,931,971,2548,3454,29135,29135,29039,29043,29096,1467,1305,2083,1485,1797,2882,1204,1248,1001,997,1643,1700,29179,29223,2147483647,64725,20,549,4869,7183,2335,51836,0,3,3,2
1-Rest,16:50:38.514,29109,7316,3128,1784,979,1287,812,1608,1555,918,966,2562,3423,29184,29206,29175,29206,29223,1494,1300,2096,1480,1753,2816,1146,1230,988,993,1625,1674,29113,29140,2147483647,64718,19,546,4863,7206,2313,51843,0,3,3,2
1-Rest,16:50:38.681,29223,7356,3212,1753,966,1335,804,1586,1577,905,949,2579,3418,29083,29091,29214,29126,29113,1454,1300,2113,1485,1740,2843,1160,1217,940,958,1608,1722,29043,29148,2147483647,64725,18,532,4853,7237,2298,51853,0,3,3,2
1-Rest,16:50:38.781,29157,7365,3229,1788,966,1296,791,1599,1582,883,962,2632,3506,29100,29140,29162,29179,29131,1441,1309,2166,1533,1814,2917,1199,1274,1041,971,1617,1713,29087,29153,2147483647,64728,65524,539,4839,7259,2256,51852,0,3,3,2
1-Rest,16:50:38.881,29166,7356,3238,1810,984,1331,808,1573,1617,905,927,2693,3555,29104,29118,29153,29126,29126,1546,1318,2166,1511,1832,2979,1226,1234,1010,993,1656,1740,29179,29166,2147483647,64720,47,509,4840,7345,2027,51863,0,3,3,2
1-Rest,16:50:38.990,29118,7466,3322,1757,1041,1349,804,1604,1555,922,940,2729,3568,29157,29140,29135,29135,29157,1489,1327,2179,1480,1828,2997,1230,1221,993,979,1639,1779,29175,29122,2147483647,64768,154,560,4893,7392,1499,51839,0,3,3,2
1-Rest,16:50:39.081,29157,7488,3353,1792,984,1366,808,1577,1595,931,944,2742,3546,29210,29122,29201,29219,29126,1542,1375,2232,1498,1810,2992,1212,1239,1015,975,1647,1792,29069,29170,2147483647,64762,225,547,5023,7504,810,51889,0,3,3,2
1-Rest,16:50:39.105,29162,7527,3353,1841,971,1344,799,1590,1586,953,979,2755,3585,29122,29126,29091,29113,29104,1555,1371,2175,1485,1806,3076,1217,1243,1041,993,1634,1762,29153,29122,2147483647,64761,278,539,5168,7595,242,51972,0,3,3,2
1-Rest,16:50:39.281,29157,7523,3353,1797,971,1375,799,1564,1599,944,949,2689,3550,29109,29100,29197,29166,29144,1533,1366,2210,1546,1841,3014,1252,1230,988,1028,1678,1810,29162,29170,2147483647,64769,351,547,5370,7751,65251,52141,0,3,3,2
1-Rest,16:50:39.380,29157,7483,3331,1806,984,1371,821,1568,1560,936,936,2707,3599,29179,29140,29135,29153,29083,1568,1384,2192,1529,1814,3014,1243,1234,1032,1032,1665,1770,29087,29131,2147483647,64786,384,549,5571,7879,64883,52311,0,3,3,2
1-Rest,16:50:39.481,29144,7435,3353,1744,988,1397,808,1507,1538,896,927,2794,3616,29175,29118,29175,29153,29104,1542,1384,2214,1524,1784,3032,1234,1270,1028,979,1678,1740,29122,29170,2147483647,64811,416,524,5779,7931,64652,52445,0,3,3,2
1-Rest,16:50:39.581,29135,7444,3335,1779,1001,1406,786,1516,1590,936,962,2759,3634,29166,29087,29087,29179,29100,1568,1428,2210,1529,1828,3005,1243,1243,1006,1015,1718,1788,29091,29144,2147483647,64827,453,514,6007,7999,64528,52600,0,3,3,2
1-Rest,16:50:39.681,29096,7417,3260,1784,971,1401,804,1516,1595,940,958,2737,3651,29236,29206,29096,29126,29223,1520,1388,2184,1489,1832,3005,1243,1239,1037,997,1665,1784,29113,29078,2147483647,64842,454,472,6247,8072,64431,52768,0,3,3,2
1-Rest,16:50:39.781,29184,7369,3304,1792,1023,1397,804,1533,1524,918,953,2729,3638,29175,29140,29197,29144,29104,1507,1410,2162,1520,1788,3045,1221,1226,1028,1006,1656,1792,29184,29157,2147483647,64669,598,496,6451,8257,64260,53005,0,3,3,2
1-Rest,16:50:39.881,29188,7365,3208,1788,1006,1379,812,1524,1551,896,979,2733,3590,29197,29118,29153,29135,29175,1538,1388,2179,1516,1806,3036,1217,1256,1041,988,1700,1762,29148,29188,2147483647,64859,527,440,6508,8439,64310,53152,0,3,3,2
1-Rest,16:50:39.981,29131,7321,3190,1810,1001,1410,786,1502,1533,914,914,2729,3660,29166,29148,29118,29131,29131,1533,1432,2166,1538,1801,3041,1204,1256,1023,975,1656,1801,29078,29135,2147483647,64821,514,393,6552,8658,64341,53325,0,3,3,2
2-Gesture 1,16:50:40.080,29148,7356,3124,1784,971,1419,777,1524,1555,905,944,2830,3717,29232,29104,29122,29069,29157,1538,1406,2170,1533,1788,3032,1204,1230,1032,1037,1683,1797,29184,29162,2147483647,64788,525,401,6529,8736,64322,53370,0,3,3,2
2-Gesture 1,16:50:40.191,29148,7290,3155,1770,1028,1415,786,1538,1516,949,944,2772,3665,29223,29131,29061,29126,29109,1524,1441,2232,1524,1845,3014,1230,1261,1015,1010,1700,1814,29179,29166,2147483647,64807,521,417,6471,8744,64264,53350,0,3,3,2
2-Gesture 1,16:50:40.291,29021,7268,3128,1788,993,1406,799,1511,1542,905,944,2768,3704,29263,29192,29197,29162,29166,1524,1379,2210,1502,1814,3001,1252,1283,1054,1032,1643,1828,29148,29043,2147483647,64814,527,394,6433,8773,64206,53360,0,3,3,2
2-Gesture 1,16:50:40.381,29104,7220,3084,1806,1001,1406,799,1502,1511,931,918,2733,3713,29170,29162,29153,29184,29144,1524,1393,2179,1520,1762,3010,1270,1199,1010,1028,1683,1801,29096,29170,2147483647,64812,532,398,6433,8824,64183,53401,0,3,3,2
2-Gesture 1,16:50:40.481,29126,7189,3023,1819,984,1388,786,1529,1502,931,979,2759,3717,29206,29131,29153,29140,29135,1542,1384,2170,1524,1806,3005,1265,1226,1041,1037,1643,1832,29197,29153,2147483647,64814,535,384,6432,8877,64164,53437,0,3,3,2
2-Gesture 1,16:50:40.591,29162,7136,3027,1810,997,1410,777,1502,1516,905,984,2750,3744,29170,29140,29104,29135,29140,1507,1379,2179,1542,1814,2970,1230,1230,1072,993,1661,1797,29135,29113,2147483647,64807,540,378,6426,8940,64137,53483,0,3,3,2
2-Gesture 1,16:50:40.619,29245,7171,2926,1770,966,1379,791,1507,1555,914,944,2729,3682,29126,29113,29175,29236,29122,1538,1415,2140,1476,1762,2970,1256,1217,1045,1001,1669,1770,29083,29223,2147483647,64811,549,346,6422,9027,64112,53553,0,3,3,2
2-Gesture 1,16:50:40.781,29109,7132,2909,1814,993,1362,773,1516,1516,931,944,2720,3695,29219,29148,29126,29122,29091,1507,1397,2175,1529,1801,2975,1208,1234,1001,988,1669,1797,29201,29188,2147483647,64800,546,350,6404,9059,64091,53566,0,3,3,2
2-Gesture 1,16:50:40.880,29166,7114,2891,1784,1010,1423,777,1507,1516,918,931,2676,3691,29258,29157,29179,29113,29192,1498,1393,2179,1529,1784,2988,1234,1252,1050,984,1674,1797,29223,29122,2147483647,64809,538,354,6383,9075,64073,53569,0,3,3,2
2-Gesture 1,16:50:40.906,29236,7127,2944,1784,997,1371,777,1502,1485,927,975,2720,3713,29179,29188,29135,29065,29096,1511,1388,2135,1489,1722,2966,1204,1234,1019,1023,1656,1806,29179,29210,2147483647,64811,544,355,6367,9069,64071,53556,0,3,3,2
2-Gesture 1,16:50:41.005,29201,7075,2931,1801,958,1384,791,1507,1498,918,949,2685,3722,29228,29140,29153,29135,29140,1516,1371,2157,1502,1784,2922,1204,1204,1023,1006,1647,1814,29162,29223,2147483647,64799,548,352,6351,9067,64074,53546,0,3,3,2
2-Gesture 1,16:50:41.105,29170,7075,2917,1766,966,1415,764,1472,1538,918,944,2676,3726,29214,29113,29087,29113,29140,1498,1428,2184,1538,1775,2944,1142,1243,1019,1010,1643,1819,29170,29188,2147483647,64801,541,362,6329,9050,64073,53522,0,3,3,2
2-Gesture 1,16:50:41.281,29157,7040,2860,1788,988,1384,769,1480,1542,900,949,2698,3708,29250,29153,29091,29126,29140,1551,1362,2170,1529,1757,2944,1226,1230,1032,1032,1678,1779,29126,29144,2147483647,64804,536,360,6309,9031,64070,53498,0,3,3,2
2-Gesture 1,16:50:41.381,29170,7013,2882,1775,1001,1406,799,1498,1507,918,927,2676,3704,29210,29083,29166,29126,29113,1520,1410,2175,1533,1828,2939,1230,1265,984,1037,1678,1788,29250,29170,2147483647,64796,538,368,6295,9019,64073,53481,0,3,3,2
