0.9994,0.98854,0.99967,1.0081,0.96646
0.999,0.98894,0.99971,1.0081,0.96662
0.99835,0.98912,0.99973,1.008,0.96655
0.99753,0.98915,1,1.0077,0.96636
0.99706,0.98911,1.0005,1.0076,0.96613
0.99677,0.98934,1.0012,1.0078,0.9662
0.9966,0.98989,1.0017,1.0082,0.96659
0.99654,0.99057,1.002,1.0088,0.9671
0.99653,0.99132,1.0022,1.0093,0.96765
0.99674,0.99196,1.0023,1.0098,0.9682
0.99693,0.99249,1.0025,1.0102,0.96879
0.99707,0.99294,1.0026,1.0108,0.96948
0.9972,0.99309,1.0027,1.0114,0.96992
0.99726,0.99297,1.0024,1.0118,0.96996
0.99725,0.99265,1.0018,1.0117,0.96961
0.99716,0.99223,1.0009,1.0113,0.96896
0.99711,0.99203,1.0003,1.0108,0.96847
0.99709,0.99198,0.99989,1.0104,0.96809
0.99719,0.99205,0.99968,1.01,0.96771
0.9973,0.9921,0.99952,1.0095,0.96723
0.99727,0.99215,0.99945,1.009,0.96665
0.99703,0.99224,0.99954,1.0088,0.96624
0.99699,0.99239,0.99986,1.0086,0.96598
0.99729,0.99242,1.0003,1.0083,0.96575
0.99776,0.99224,1.0006,1.0079,0.96538
0.99809,0.99183,1.001,1.0072,0.96486
0.99788,0.99121,1.001,1.0065,0.96437
0.99743,0.99033,1.0008,1.0058,0.96391
0.9969,0.98924,1.0002,1.0052,0.96352
0.99627,0.98791,0.99952,1.0046,0.96314
0.99544,0.98627,0.99847,1.0039,0.96269
0.99441,0.98439,0.99715,1.0031,0.96205
0.99289,0.98214,0.99534,1.0018,0.96108
0.99134,0.97946,0.99296,0.99983,0.95965
0.98948,0.97623,0.98976,0.99672,0.9577
0.98771,0.97246,0.98573,0.99242,0.95512
0.98575,0.96833,0.98111,0.98731,0.95204
0.98377,0.96386,0.9761,0.98167,0.94846
0.98179,0.95907,0.97086,0.97573,0.94435
0.97991,0.95374,0.96521,0.96916,0.9397
0.97779,0.94781,0.95883,0.96186,0.93449
0.97526,0.94121,0.95155,0.95387,0.92865
0.97225,0.93407,0.94357,0.94537,0.9222
0.96906,0.92647,0.93509,0.93669,0.91508
0.96588,0.91858,0.92652,0.9279,0.90738
0.96268,0.91045,0.91781,0.91905,0.89929
0.95938,0.90218,0.90903,0.91019,0.89094
0.95586,0.89385,0.90024,0.90137,0.88253
0.95211,0.88548,0.89146,0.89262,0.87417
0.94812,0.87708,0.88273,0.88396,0.86584
0.94363,0.8687,0.87409,0.87539,0.85754
0.93779,0.85904,0.86426,0.8656,0.84785
0.93086,0.84938,0.85446,0.85568,0.83819
0.92289,0.83978,0.84472,0.84557,0.82861
0.91414,0.8303,0.83507,0.83532,0.81913
0.90489,0.82089,0.82556,0.8251,0.80977
0.89534,0.81144,0.81604,0.815,0.8004
0.88575,0.80193,0.80652,0.80505,0.791
0.87623,0.79235,0.79691,0.79512,0.78156
0.86675,0.78279,0.78727,0.7852,0.7721
0.85729,0.77324,0.77761,0.77527,0.76261
0.84784,0.76366,0.76788,0.76526,0.75306
0.83839,0.75398,0.75805,0.75519,0.74341
0.82899,0.74422,0.74818,0.74507,0.73369
0.81962,0.73438,0.73825,0.73497,0.7239
0.81024,0.72453,0.7283,0.72489,0.71406
0.80073,0.7147,0.71836,0.71472,0.70423
0.79098,0.70499,0.70852,0.7045,0.69453
0.78124,0.69534,0.69866,0.69427,0.68497
0.77172,0.68569,0.68877,0.68411,0.67545
0.76242,0.67602,0.67885,0.6741,0.66596
0.75325,0.66632,0.66897,0.66409,0.65645
0.74385,0.65677,0.65934,0.65419,0.6471
0.7342,0.64736,0.64989,0.64442,0.63783
0.72442,0.63806,0.64042,0.63487,0.62859
0.71455,0.62883,0.6308,0.62551,0.61936
0.70477,0.61967,0.62104,0.6162,0.61017
0.69508,0.61068,0.61135,0.60673,0.6011
0.68547,0.60182,0.60183,0.59711,0.59214
0.67593,0.59299,0.59241,0.58731,0.58317
0.66644,0.58398,0.58286,0.57753,0.57406
0.65704,0.57472,0.57317,0.56773,0.5648
0.64773,0.56532,0.56335,0.55795,0.55541
0.63851,0.55581,0.55348,0.54808,0.54592
0.62923,0.54632,0.54365,0.5382,0.53641
0.61992,0.53681,0.53387,0.52828,0.52688
0.61057,0.52732,0.52411,0.51838,0.51734
0.60113,0.5178,0.51445,0.50846,0.50779
0.59175,0.5082,0.50465,0.49844,0.49821
0.58237,0.49851,0.49473,0.48826,0.48861
0.5731,0.48874,0.48457,0.47796,0.479
0.56389,0.47895,0.47431,0.46764,0.4694
0.55461,0.46921,0.46403,0.45748,0.45978
0.54523,0.45949,0.45392,0.4475,0.45016
0.53576,0.44983,0.44402,0.43766,0.44061
0.52624,0.4402,0.43425,0.42787,0.4311
0.51665,0.43057,0.42442,0.418,0.42146
0.50704,0.42094,0.41444,0.40807,0.41168
0.49745,0.41126,0.40441,0.39803,0.40184
0.48794,0.40153,0.3944,0.38797,0.39207
0.47851,0.39175,0.38451,0.37791,0.38245
0.46925,0.38202,0.37468,0.36792,0.37288
0.46014,0.37239,0.36487,0.35808,0.3634
0.45113,0.36282,0.35493,0.3483,0.35399
0.44195,0.35329,0.34487,0.33848,0.3446
0.43269,0.34362,0.33467,0.32844,0.33504
0.42338,0.33379,0.32457,0.31822,0.3253
0.41401,0.32388,0.3146,0.30791,0.31549
0.40461,0.31391,0.30466,0.29765,0.30565
0.39508,0.304,0.29474,0.28741,0.29581
0.38556,0.29416,0.28485,0.27717,0.28594
0.37609,0.28435,0.27493,0.26683,0.27602
0.36664,0.27472,0.26509,0.25649,0.26622
0.35726,0.26523,0.25544,0.24632,0.25665
0.34795,0.25584,0.24596,0.23635,0.24731
0.3388,0.24649,0.23667,0.22665,0.23816
0.32983,0.23699,0.22726,0.2169,0.22892
0.32116,0.22741,0.21769,0.2072,0.21962
0.31277,0.21775,0.20804,0.1975,0.21033
0.30467,0.20813,0.19837,0.18787,0.20114
0.29686,0.19856,0.18865,0.17821,0.19204
0.28936,0.18898,0.17884,0.16845,0.18284
0.28191,0.17938,0.16887,0.15866,0.17357
0.27446,0.16989,0.15887,0.14888,0.16431
0.2672,0.16054,0.14884,0.13928,0.15513
0.2605,0.15136,0.13884,0.12981,0.14606
0.25481,0.14235,0.12901,0.1204,0.13695
0.25009,0.13355,0.11942,0.11097,0.1278
0.24638,0.12495,0.11011,0.10152,0.11864
0.24359,0.11658,0.10096,0.092059,0.10949
0.24146,0.10847,0.092082,0.082702,0.10044
0.23973,0.10058,0.083462,0.073492,0.091576
0.23827,0.093012,0.075251,0.064655,0.083008
0.23677,0.085843,0.067535,0.056465,0.074831
0.23556,0.079187,0.060546,0.049223,0.067102
0.23449,0.073046,0.054323,0.043055,0.05994
0.23409,0.06726,0.048683,0.037661,0.053258
0.23447,0.061801,0.043444,0.03283,0.047063
0.23594,0.056671,0.038498,0.028348,0.041381
0.23825,0.052095,0.03401,0.024552,0.03625
0.24124,0.048179,0.030303,0.021529,0.031709
0.24451,0.045006,0.027546,0.01929,0.02783
0.2481,0.042466,0.025577,0.017666,0.024615
0.25206,0.040489,0.024231,0.016377,0.022146
0.25652,0.038941,0.023146,0.015362,0.020345
0.26152,0.037824,0.022354,0.014575,0.019075
0.26715,0.037056,0.021803,0.013971,0.018207
0.27334,0.036559,0.021442,0.013511,0.017567
0.28012,0.036323,0.021255,0.013164,0.017065
0.28743,0.036294,0.021197,0.01291,0.016704
0.29546,0.03642,0.021229,0.012743,0.01648
0.30453,0.03663,0.021298,0.01265,0.016374
0.31457,0.036853,0.021377,0.012612,0.016352
0.32543,0.037046,0.021438,0.012611,0.016381
0.33653,0.037181,0.021475,0.012621,0.016419
0.34752,0.037309,0.021501,0.012623,0.016458
0.35872,0.037488,0.02155,0.012629,0.0165
0.36996,0.03775,0.021646,0.012651,0.016552
0.38168,0.038072,0.02177,0.012685,0.016603
0.3937,0.038391,0.021894,0.012718,0.01665
0.40599,0.038708,0.022005,0.012747,0.016695
0.41814,0.039014,0.022098,0.01277,0.016741
0.43008,0.039343,0.022185,0.012795,0.016788
0.44189,0.039681,0.022268,0.012824,0.016833
0.45382,0.040023,0.022349,0.012855,0.016869
0.46597,0.040356,0.022439,0.012893,0.016912
0.4781,0.04069,0.022522,0.012928,0.016957
0.4902,0.041028,0.022592,0.012962,0.01701
0.50221,0.041338,0.02266,0.012993,0.017055
0.51421,0.041597,0.022731,0.013023,0.017087
0.5261,0.041796,0.022813,0.013061,0.017108
0.53776,0.041973,0.02291,0.013109,0.017136
0.54912,0.042162,0.023004,0.01315,0.017167
0.56042,0.042386,0.023098,0.013177,0.017201
0.57188,0.042621,0.023183,0.013185,0.01722
0.5836,0.042866,0.023261,0.013183,0.017231
0.59534,0.043102,0.023339,0.013187,0.017239
0.60694,0.043336,0.02342,0.013195,0.017242
0.61824,0.043563,0.023502,0.013202,0.017236
0.62938,0.043786,0.023585,0.013203,0.017229
0.64057,0.044007,0.023652,0.013193,0.017213
0.65176,0.044229,0.0237,0.013172,0.017192
0.66287,0.044448,0.023752,0.013158,0.017177
0.67383,0.044661,0.023823,0.013152,0.017173
0.68455,0.044868,0.023901,0.013144,0.017188
0.69532,0.04507,0.023949,0.013116,0.017207
0.70619,0.045262,0.023942,0.013059,0.017212
0.71721,0.045441,0.023888,0.012978,0.017201
0.72832,0.045611,0.023838,0.012904,0.017189
0.73944,0.045764,0.023824,0.012823,0.017181
0.75064,0.045902,0.023838,0.012754,0.017184
0.76202,0.046028,0.023867,0.012692,0.017194
0.77355,0.046173,0.023883,0.012646,0.017196
0.78525,0.046354,0.023877,0.012614,0.017178
0.79682,0.046555,0.023864,0.012574,0.017142
0.80815,0.046763,0.023845,0.012533,0.017086
0.81908,0.046964,0.023838,0.012504,0.017055
0.82969,0.047163,0.023862,0.012497,0.017037
0.8401,0.047369,0.023914,0.012511,0.017023
0.85057,0.047581,0.02399,0.012536,0.017005
0.86131,0.047787,0.02407,0.012567,0.01699
0.87213,0.047973,0.024144,0.012588,0.016993
0.88305,0.048135,0.024206,0.012569,0.017012
0.89391,0.048284,0.024261,0.012536,0.017042
0.90457,0.048433,0.024318,0.012505,0.017072
0.91488,0.048568,0.024389,0.012512,0.017115
0.92472,0.048685,0.024482,0.012547,0.017161
0.93417,0.048768,0.024566,0.012576,0.017199
0.94348,0.048824,0.024646,0.012605,0.017235
0.95241,0.048826,0.024702,0.012631,0.017256
0.96044,0.048756,0.024739,0.012634,0.017251
0.9673,0.048656,0.024765,0.012628,0.017241
0.9728,0.048584,0.024801,0.012605,0.017249
0.97736,0.048579,0.024859,0.012601,0.017297
0.98089,0.048635,0.024942,0.012621,0.017377
0.98395,0.048752,0.025048,0.012665,0.017466
0.98658,0.048927,0.025146,0.012718,0.01754
0.9888,0.049148,0.025235,0.01276,0.017599
0.99054,0.049356,0.025302,0.012792,0.017648
0.99172,0.049492,0.025353,0.012807,0.017686
0.99264,0.049522,0.025389,0.012817,0.01773
0.9933,0.049461,0.025392,0.012821,0.017759
0.99363,0.049336,0.025368,0.012827,0.017774
0.99353,0.049167,0.025321,0.012832,0.017766
0.99291,0.048985,0.025284,0.012835,0.017751
0.99172,0.048805,0.025258,0.012842,0.017748
0.98981,0.04862,0.025247,0.012856,0.017756
0.98695,0.048435,0.025229,0.012871,0.017778
0.98303,0.048239,0.025192,0.012874,0.017781
0.97812,0.048036,0.025131,0.012856,0.017759
0.97264,0.047848,0.02506,0.012826,0.017702
0.96687,0.047676,0.024985,0.012784,0.017613
0.96119,0.047522,0.024923,0.012739,0.017524
0.9555,0.047369,0.024882,0.012699,0.017456
0.94966,0.047219,0.024853,0.012662,0.017411
0.94348,0.047071,0.024817,0.012634,0.017378
0.93661,0.046962,0.024784,0.01261,0.01735
0.92886,0.046902,0.024769,0.012606,0.017342
0.9199,0.046874,0.02478,0.012624,0.017357
0.90994,0.046869,0.024806,0.012654,0.017382
0.89946,0.046841,0.024813,0.012683,0.017403
0.88904,0.046795,0.0248,0.012702,0.017414
0.87875,0.04675,0.024773,0.012715,0.017422
0.8683,0.046698,0.024744,0.012727,0.017431
0.8574,0.046646,0.024715,0.012741,0.017452
0.84602,0.046558,0.024684,0.012752,0.017479
0.83418,0.046422,0.024644,0.012761,0.017507
0.82206,0.046246,0.024592,0.012765,0.017525
0.80962,0.046031,0.02454,0.012764,0.01753
0.79698,0.045801,0.024494,0.012762,0.01753
0.78419,0.045564,0.024456,0.012756,0.017524
0.77123,0.04532,0.024421,0.01275,0.017516
0.75839,0.045085,0.024382,0.012748,0.017511
0.74575,0.044852,0.024347,0.012747,0.017499
0.7335,0.044627,0.024321,0.012754,0.017489
0.72173,0.04439,0.024291,0.012757,0.017467
0.71001,0.044138,0.024245,0.012755,0.017438
0.69843,0.043858,0.024175,0.012744,0.017393
0.68646,0.043546,0.024095,0.012727,0.017334
0.67426,0.043237,0.024022,0.012711,0.017271
0.66182,0.042929,0.023957,0.012701,0.017225
0.64953,0.042636,0.0239,0.012698,0.017199
0.63744,0.042338,0.023841,0.012692,0.017181
0.62546,0.042029,0.023777,0.012679,0.017161
0.61335,0.041723,0.023731,0.012666,0.017144
0.60103,0.041422,0.023704,0.012657,0.017144
0.58871,0.04111,0.023696,0.012659,0.017158
0.5764,0.040791,0.023698,0.012662,0.017185
0.56418,0.040484,0.023699,0.012665,0.017209
0.55196,0.040209,0.023695,0.012666,0.017231
0.53987,0.039979,0.023688,0.012667,0.017246
0.52801,0.039753,0.023662,0.012657,0.017247
0.51646,0.039535,0.023626,0.012643,0.017254
0.50501,0.039319,0.02358,0.012633,0.017275
0.49344,0.039109,0.023539,0.012632,0.017312
0.48162,0.038897,0.023505,0.012638,0.017352
0.46975,0.038654,0.023464,0.012635,0.017371
0.45797,0.038385,0.023407,0.012623,0.017374
0.44647,0.038099,0.023336,0.012607,0.017376
0.4351,0.037796,0.023249,0.01259,0.017375
0.42367,0.037505,0.023167,0.012571,0.017378
0.4122,0.037242,0.023093,0.01255,0.017378
0.40081,0.037009,0.023019,0.012524,0.017365
0.38957,0.036807,0.022943,0.012501,0.017347
0.37862,0.0366,0.022858,0.012475,0.017314
0.36768,0.036394,0.022787,0.012456,0.017278
0.35669,0.036199,0.022737,0.012442,0.017246
0.34559,0.036014,0.022715,0.012437,0.017229
0.33434,0.035843,0.022702,0.012438,0.017227
0.32302,0.035678,0.022699,0.012444,0.017241
0.31158,0.035531,0.022698,0.01245,0.017254
0.29995,0.035409,0.022692,0.012451,0.01726
0.28816,0.035263,0.022677,0.01245,0.017262
0.27613,0.035071,0.022651,0.012443,0.017267
0.26423,0.034825,0.022624,0.012437,0.017289
0.25258,0.034553,0.022603,0.01243,0.017323
0.24136,0.034283,0.022582,0.012418,0.017347
0.23049,0.034006,0.022541,0.012398,0.017353
0.21981,0.03372,0.022465,0.012369,0.017344
0.20906,0.033425,0.022366,0.012335,0.017329
0.19807,0.033161,0.02227,0.012298,0.017318
0.18703,0.032933,0.02219,0.012262,0.017301
0.17589,0.032763,0.022119,0.012229,0.017284
0.16483,0.03263,0.022049,0.012194,0.01726
0.15395,0.032501,0.021972,0.012157,0.017231
0.14339,0.032372,0.021899,0.012112,0.017195
0.13332,0.032233,0.02182,0.012066,0.017157
0.12369,0.032105,0.021747,0.012022,0.017126
0.11425,0.031979,0.021681,0.011987,0.017097
0.10519,0.031862,0.021633,0.011964,0.017075
0.096997,0.031769,0.021602,0.011958,0.017069
0.089918,0.031672,0.021582,0.011963,0.017074
0.084147,0.031562,0.02156,0.011972,0.017074
0.079247,0.031424,0.021521,0.011971,0.017054
0.075298,0.031289,0.021462,0.011957,0.017018
0.071824,0.031214,0.021374,0.011923,0.01698
0.068857,0.031253,0.021277,0.011891,0.016957
0.066157,0.031386,0.021176,0.011869,0.016944
0.063714,0.03166,0.021085,0.011857,0.016926
0.06138,0.032042,0.021006,0.011855,0.016901
0.059113,0.032618,0.020942,0.01185,0.016855
0.05695,0.033417,0.020914,0.011851,0.016807
0.054965,0.034391,0.020905,0.011854,0.016753
0.053135,0.035477,0.020892,0.01185,0.016707
0.051391,0.036624,0.020867,0.011853,0.016687
0.049706,0.037828,0.020834,0.011859,0.016697
0.048146,0.039042,0.020811,0.011878,0.016736
0.046822,0.040228,0.020809,0.011909,0.01679
0.045734,0.041693,0.020813,0.011948,0.016842
0.044899,0.043697,0.020816,0.011984,0.016893
0.044187,0.046429,0.020809,0.012015,0.016939
0.043553,0.049861,0.020793,0.012044,0.016984
0.042956,0.053777,0.020774,0.012076,0.017027
0.042448,0.058161,0.020752,0.012116,0.017061
0.042053,0.062924,0.020721,0.012153,0.017083
0.041819,0.067961,0.020679,0.01218,0.01709
0.041833,0.073223,0.020634,0.012201,0.017089
0.042078,0.078712,0.020585,0.01221,0.017074
0.042568,0.084397,0.020535,0.012214,0.017058
0.04327,0.090282,0.020482,0.012218,0.01705
0.044118,0.096344,0.020439,0.012234,0.017058
0.04509,0.10258,0.020411,0.012262,0.017075
0.046091,0.10898,0.0204,0.012297,0.017097
0.047109,0.11559,0.020398,0.012334,0.017117
0.048129,0.12251,0.0204,0.012379,0.01714
0.049174,0.12993,0.020411,0.012444,0.017183
0.05026,0.13782,0.020436,0.012517,0.017244
0.051393,0.14606,0.020477,0.012597,0.017311
0.05257,0.15446,0.020514,0.012668,0.017367
0.053765,0.16296,0.020531,0.012726,0.017405
0.055003,0.1716,0.020532,0.012773,0.01744
0.056281,0.18042,0.02052,0.01281,0.017481
0.057572,0.1894,0.020518,0.012841,0.017528
0.058882,0.19848,0.020523,0.01287,0.017589
0.060212,0.20766,0.020517,0.012898,0.01765
0.061585,0.2169,0.020504,0.012923,0.017709
0.06302,0.22618,0.020486,0.012946,0.017752
0.064518,0.23548,0.020478,0.01297,0.017785
0.066039,0.24478,0.020486,0.013,0.01782
0.067565,0.25405,0.020499,0.013041,0.017858
0.06903,0.26326,0.020514,0.013084,0.017876
0.070399,0.27235,0.020526,0.013125,0.017871
0.071685,0.28126,0.020527,0.013162,0.017854
0.0729,0.29002,0.02052,0.013196,0.017838
0.074137,0.29873,0.020485,0.013225,0.017829
0.075417,0.30753,0.020435,0.013252,0.017812
0.076735,0.31643,0.020375,0.013276,0.01779
0.078103,0.32543,0.020311,0.013296,0.017754
0.079469,0.33444,0.020256,0.013319,0.017714
0.080824,0.34353,0.020211,0.013345,0.017668
0.082163,0.35263,0.020178,0.013376,0.017626
0.083509,0.36173,0.020161,0.013414,0.017595
0.084856,0.37083,0.020147,0.013444,0.017562
0.08619,0.37993,0.020133,0.013466,0.01752
0.087482,0.38903,0.020114,0.013489,0.017482
0.088761,0.39812,0.020096,0.013523,0.017449
0.090058,0.4072,0.020079,0.013573,0.017445
0.091367,0.41626,0.020063,0.013626,0.017453
0.092686,0.42532,0.020046,0.013671,0.017455
0.09401,0.43435,0.020032,0.013717,0.017458
0.095346,0.4434,0.020017,0.013772,0.017455
0.096703,0.45245,0.019996,0.013838,0.017458
0.098059,0.46145,0.019969,0.013908,0.017465
0.099405,0.47036,0.019943,0.013976,0.017469
0.10068,0.47917,0.01992,0.01403,0.017473
0.10188,0.48792,0.019894,0.014065,0.017474
0.10303,0.49669,0.019866,0.014083,0.017479
0.10416,0.50548,0.019829,0.014085,0.017483
0.10532,0.51419,0.019792,0.014084,0.017484
0.10654,0.52282,0.019745,0.014077,0.017477
0.10781,0.53138,0.0197,0.014069,0.017478
0.1091,0.53989,0.019663,0.014061,0.017492
0.11041,0.5485,0.019626,0.014054,0.017504
0.11174,0.55726,0.019588,0.014055,0.017505
0.11308,0.56616,0.019549,0.014064,0.017484
0.11446,0.57515,0.019515,0.014087,0.017454
0.11587,0.58417,0.019485,0.014114,0.017434
0.11734,0.59321,0.019456,0.014143,0.017432
0.11885,0.60229,0.019433,0.01417,0.017459
0.12033,0.61143,0.019421,0.014198,0.017502
0.12176,0.62052,0.019416,0.014226,0.017549
0.12312,0.62954,0.019405,0.014258,0.017587
0.12445,0.63847,0.019386,0.014289,0.017606
0.12576,0.64732,0.019359,0.014317,0.017623
0.12708,0.6562,0.019347,0.01435,0.017657
0.12843,0.66514,0.019346,0.01439,0.017712
0.1298,0.6742,0.019358,0.014436,0.017779
0.13114,0.68332,0.019375,0.014487,0.017845
0.13242,0.69244,0.019381,0.014527,0.017894
0.13363,0.7014,0.019367,0.014562,0.017925
0.1348,0.71004,0.019338,0.014593,0.017938
0.13597,0.71814,0.0193,0.01461,0.017945
0.13718,0.72558,0.019264,0.014612,0.017948
0.13849,0.73241,0.01924,0.014596,0.017952
0.13986,0.7387,0.01923,0.014585,0.017948
0.14118,0.74453,0.019242,0.014592,0.017939
0.14225,0.74974,0.019282,0.01462,0.017935
0.14313,0.75433,0.019356,0.014666,0.017938
0.14386,0.75825,0.019441,0.014709,0.017956
0.14472,0.76166,0.01952,0.014754,0.017984
0.1457,0.76445,0.019564,0.014791,0.018012
0.14682,0.76663,0.01956,0.014817,0.018032
0.14793,0.76808,0.019533,0.014835,0.018048
0.14896,0.76885,0.019501,0.014854,0.018063
0.14989,0.7691,0.019466,0.014878,0.018073
0.15075,0.76899,0.019426,0.014898,0.018067
0.15153,0.76879,0.01935,0.0149,0.018038
0.15221,0.76857,0.019244,0.014882,0.017981
0.15277,0.768,0.019122,0.014856,0.017921
0.15321,0.76676,0.019014,0.014841,0.017869
0.15357,0.76461,0.01894,0.014842,0.017831
0.15389,0.76155,0.018904,0.014858,0.017804
0.15423,0.75785,0.018882,0.014876,0.017773
0.15463,0.75354,0.01886,0.014887,0.017738
0.15505,0.74876,0.018842,0.014898,0.017705
0.1555,0.74366,0.018837,0.014917,0.017672
0.15587,0.73831,0.018831,0.014935,0.017646
0.15617,0.73272,0.018825,0.014947,0.017623
0.15639,0.72692,0.018809,0.014945,0.017597
0.15648,0.72091,0.018787,0.014933,0.017567
0.15652,0.71473,0.018773,0.014921,0.01755
0.1565,0.70839,0.01876,0.01491,0.017557
0.1565,0.7019,0.018753,0.014905,0.017588
0.15655,0.69525,0.018745,0.014906,0.017635
0.15669,0.6883,0.018739,0.014897,0.017672
0.1569,0.68088,0.01874,0.014873,0.017689
0.15714,0.67299,0.018737,0.014833,0.017682
0.15736,0.66474,0.018723,0.014779,0.017657
0.15745,0.65632,0.018698,0.014726,0.017638
0.15736,0.64782,0.018692,0.014683,0.017633
0.15705,0.63921,0.018705,0.014652,0.017642
0.15653,0.63047,0.018735,0.01463,0.01766
0.15582,0.62159,0.01876,0.014609,0.01768
0.15496,0.61261,0.018775,0.014584,0.017706
0.15398,0.60351,0.018781,0.01455,0.017733
0.15296,0.59437,0.018798,0.014518,0.017772
0.15186,0.58516,0.018814,0.014486,0.017821
0.1507,0.57593,0.018821,0.014453,0.017881
0.14952,0.5667,0.018805,0.014414,0.017941
0.14835,0.5575,0.01877,0.014358,0.017994
0.14722,0.54835,0.018732,0.014293,0.01804
0.14609,0.53928,0.018697,0.014225,0.018085
0.14503,0.53034,0.01866,0.014152,0.018123
0.144,0.52154,0.018627,0.014079,0.018148
0.14306,0.51281,0.0186,0.014005,0.018161
0.14215,0.50402,0.01858,0.013934,0.018159
0.14126,0.49516,0.018567,0.013866,0.018149
0.14039,0.48623,0.018568,0.013804,0.018138
0.13948,0.47729,0.018573,0.013742,0.018135
0.13852,0.46825,0.018572,0.013679,0.01815
0.13748,0.45918,0.018558,0.01361,0.018178
0.13639,0.45008,0.018539,0.013542,0.01821
0.13531,0.441,0.01853,0.013484,0.018231
0.13421,0.43191,0.018522,0.013433,0.018236
0.13306,0.42279,0.018511,0.013376,0.018223
0.13182,0.41368,0.018489,0.013305,0.018199
0.13054,0.40458,0.01847,0.013226,0.018175
0.12928,0.3955,0.018461,0.013154,0.018164
0.12805,0.38643,0.018462,0.013096,0.018168
0.12685,0.37739,0.018467,0.013042,0.018183
0.12567,0.36833,0.018456,0.012972,0.018196
0.12449,0.35926,0.018427,0.012881,0.01819
0.12335,0.35022,0.018382,0.012776,0.01817
0.1222,0.34125,0.018329,0.012663,0.018134
0.12107,0.33239,0.018288,0.012572,0.018107
0.11997,0.32357,0.018265,0.012511,0.018101
0.11888,0.31474,0.018264,0.012478,0.018103
0.11779,0.3059,0.01828,0.012466,0.018111
0.11674,0.29715,0.0183,0.012451,0.01811
0.11573,0.28849,0.018316,0.012426,0.018098
0.11472,0.2799,0.018317,0.012391,0.018084
0.11371,0.27134,0.018304,0.012344,0.018058
0.11266,0.26269,0.018292,0.012295,0.018045
0.11158,0.25391,0.018284,0.012244,0.018056
0.11047,0.24503,0.018281,0.012194,0.018093
0.10931,0.23607,0.018274,0.012139,0.018135
0.10814,0.2271,0.018272,0.012084,0.018158
0.10694,0.21812,0.01828,0.012028,0.018161
0.10573,0.20909,0.018301,0.011977,0.018145
0.10451,0.2,0.01833,0.011927,0.018119
0.1033,0.19093,0.018348,0.01188,0.018088
0.1021,0.18194,0.01836,0.011835,0.018071
0.10092,0.17299,0.018365,0.011793,0.018074
0.099754,0.16412,0.018369,0.011761,0.018097
0.0986,0.15522,0.018361,0.011723,0.018115
0.097455,0.14627,0.018337,0.011682,0.01812
0.096282,0.13722,0.018297,0.011635,0.018106
0.095078,0.12811,0.018251,0.01158,0.018088
0.09389,0.11903,0.018213,0.011531,0.01809
0.092775,0.11014,0.018193,0.011482,0.018121
0.091714,0.10159,0.018189,0.011435,0.018168
0.090676,0.093602,0.018188,0.011397,0.018208
0.089586,0.086264,0.018179,0.011364,0.018226
0.088422,0.079505,0.018157,0.011336,0.018217
0.087205,0.073226,0.018129,0.011307,0.018198
0.085922,0.067311,0.018091,0.011276,0.018166
0.084609,0.061842,0.018027,0.011233,0.018123
0.083322,0.056877,0.01793,0.011168,0.018066
0.082077,0.052436,0.017825,0.011093,0.018005
0.08083,0.04845,0.017723,0.01101,0.017942
0.079466,0.044937,0.017635,0.010933,0.017879
0.077957,0.041846,0.017551,0.010853,0.017806
0.076444,0.03934,0.01746,0.010773,0.017722
0.075063,0.037422,0.017378,0.010708,0.017622
0.073862,0.035973,0.017315,0.010645,0.017527
0.072741,0.034842,0.01728,0.01059,0.01745
0.071725,0.033796,0.017284,0.010548,0.017397
0.070775,0.032816,0.017324,0.010512,0.017364
0.070306,0.031968,0.017427,0.01048,0.01734
0.070416,0.031314,0.017583,0.010439,0.017307
0.071011,0.030885,0.017792,0.010378,0.01727
0.071752,0.030654,0.017999,0.010312,0.017227
0.071989,0.030505,0.018253,0.01024,0.017186
0.071938,0.030432,0.018637,0.010181,0.017145
0.071694,0.030412,0.019163,0.010132,0.017106
0.071439,0.030438,0.019877,0.010088,0.017075
0.071223,0.03049,0.020457,0.010046,0.017048
0.070916,0.030566,0.020809,0.010009,0.017022
0.070705,0.030684,0.020906,0.0099702,0.016993
0.07055,0.030829,0.020824,0.0099374,0.016966
0.070375,0.03098,0.020885,0.0099081,0.016938
0.070175,0.031114,0.021674,0.0098919,0.016916
0.069962,0.031224,0.023566,0.0098736,0.01689
0.069728,0.0313,0.026601,0.0098373,0.016856
0.06943,0.031329,0.028881,0.0097828,0.016808
0.06903,0.031319,0.030429,0.0097121,0.016748
0.068514,0.031272,0.030456,0.0096431,0.016691
0.067925,0.031202,0.030285,0.0095759,0.016652
0.067369,0.031117,0.030123,0.0095081,0.016603
0.066996,0.031019,0.029951,0.0094391,0.016577
0.066817,0.03089,0.029765,0.0093672,0.016555
0.066807,0.030728,0.029571,0.0093014,0.016525
0.066961,0.030538,0.029377,0.00924,0.016458
0.067295,0.030342,0.029184,0.00918,0.016378
0.067806,0.030154,0.029001,0.0091268,0.01631
0.068392,0.029949,0.02881,0.0090731,0.016259
0.069014,0.029755,0.02862,0.0090179,0.016192
0.069635,0.029559,0.028427,0.0089566,0.016066
0.070292,0.029373,0.028234,0.0088894,0.015963
0.070951,0.029187,0.028048,0.0088221,0.015905
0.071666,0.029011,0.02786,0.0087531,0.015897
0.072482,0.028868,0.027666,0.0086856,0.015946
0.073322,0.028739,0.027475,0.0086213,0.016008
0.074212,0.028628,0.027286,0.0085619,0.01611
0.075044,0.028493,0.027106,0.0085122,0.016241
0.075836,0.028337,0.026931,0.0084683,0.016382
0.076591,0.02817,0.026759,0.0084292,0.01652
0.07731,0.02798,0.026581,0.0083897,0.016669
0.078086,0.027795,0.026396,0.0083443,0.016778
0.078909,0.027624,0.026213,0.0083003,0.016823
0.079779,0.027469,0.026031,0.0082562,0.016789
0.080648,0.027328,0.025848,0.0082067,0.016693
0.081483,0.027165,0.025653,0.0081474,0.016594
0.082337,0.026988,0.025459,0.0080848,0.016532
0.083253,0.026816,0.025272,0.0080255,0.016501
0.084261,0.026654,0.025091,0.0079682,0.016464
0.085324,0.026513,0.025208,0.0079076,0.016396
0.086369,0.02638,0.027695,0.0078433,0.016283
0.087402,0.026253,0.032838,0.0077719,0.016167
0.088412,0.026129,0.039764,0.0076992,0.016043
0.089387,0.026001,0.046111,0.0076349,0.015927
0.090357,0.025883,0.051251,0.0075862,0.015835
0.091301,0.025773,0.054633,0.0075463,0.015782
0.092284,0.025674,0.057106,0.0075055,0.015771
0.093285,0.025576,0.059862,0.0074624,0.015762
0.094317,0.025487,0.064917,0.0074241,0.015745
0.095358,0.025395,0.071672,0.0073903,0.015712
0.096403,0.025304,0.079242,0.0073522,0.015668
0.097378,0.025188,0.0842,0.007298,0.015612
0.098279,0.025046,0.086554,0.0072297,0.01555
0.099115,0.024892,0.086629,0.0071545,0.015477
0.09992,0.024729,0.087389,0.007085,0.015416
0.10075,0.02457,0.088155,0.0070189,0.015381
0.10164,0.024407,0.088931,0.0069553,0.015389
0.10256,0.024242,0.089067,0.0068846,0.015445
0.10349,0.02407,0.088885,0.0068132,0.015538
0.10436,0.023887,0.088694,0.0067405,0.015637
0.10521,0.023695,0.088501,0.0066743,0.015735
0.10609,0.023508,0.088314,0.0066122,0.015794
0.10702,0.023333,0.088129,0.0065514,0.015823
0.108,0.023176,0.08795,0.0064869,0.015852
0.10901,0.023027,0.087773,0.0064132,0.015903
0.11,0.022881,0.087603,0.0063345,0.015999
0.11096,0.022727,0.087436,0.006251,0.01607
0.11191,0.022573,0.08896,0.0061875,0.016073
0.11286,0.022421,0.092996,0.0061555,0.016022
0.11383,0.022272,0.099474,0.0061479,0.015934
0.11483,0.022135,0.10754,0.006155,0.015858
0.11581,0.021993,0.11553,0.0061493,0.015771
0.11675,0.02185,0.12348,0.0061263,0.015666
0.11767,0.021704,0.13135,0.0060945,0.015544
0.11858,0.021555,0.13911,0.0060586,0.015418
0.11952,0.021414,0.14545,0.0060205,0.015312
0.12046,0.021279,0.15142,0.0059787,0.015234
0.12143,0.021159,0.15722,0.0059353,0.015175
0.12242,0.021046,0.16352,0.0058855,0.01513
0.12342,0.020935,0.1702,0.0058385,0.015081
0.12445,0.020807,0.17652,0.0057899,0.015017
0.12549,0.020675,0.18248,0.0057388,0.014955
0.12653,0.020551,0.18819,0.0056883,0.014895
0.1276,0.020472,0.19358,0.0056493,0.014872
0.1287,0.020437,0.19864,0.0056317,0.014885
0.12978,0.020434,0.20285,0.0056321,0.01493
0.13087,0.020442,0.20549,0.0056143,0.015019
0.13197,0.020442,0.20669,0.0055748,0.015134
0.13311,0.020439,0.20673,0.0055153,0.015247
0.1342,0.020419,0.20663,0.0054541,0.015322
0.1352,0.020383,0.20649,0.0054045,0.015328
0.13573,0.02028,0.20639,0.0053735,0.015299
0.13571,0.020106,0.20682,0.0053696,0.015288
0.13525,0.019876,0.2078,0.0053889,0.015294
0.13465,0.019632,0.20943,0.0054093,0.015309
0.13456,0.019461,0.21109,0.0054218,0.015308
0.13472,0.019335,0.21243,0.0054217,0.0153
0.13504,0.019248,0.21338,0.0054138,0.015289
0.13534,0.019162,0.21386,0.0053974,0.015279
0.13558,0.019074,0.21434,0.0053795,0.015267
0.13592,0.018976,0.21466,0.0053656,0.015251
0.13615,0.018855,0.2149,0.0053637,0.015236
0.13632,0.018715,0.21498,0.0053586,0.015214
0.13652,0.018575,0.21492,0.0053411,0.015179
0.13722,0.018483,0.2143,0.0053083,0.015124
0.13852,0.018453,0.21273,0.0052763,0.01506
0.14037,0.018496,0.21007,0.0052646,0.015001
0.14202,0.018547,0.2081,0.0052604,0.014945
0.1431,0.01857,0.20676,0.0052645,0.014901
0.14366,0.018563,0.20689,0.0052754,0.014857
0.14392,0.018539,0.20718,0.0053017,0.014813
0.14423,0.018528,0.20739,0.0053606,0.014802
0.14447,0.018513,0.20754,0.0054408,0.014779
0.14469,0.018493,0.20765,0.0055403,0.014754
0.14492,0.018477,0.20775,0.0056241,0.014736
0.14514,0.018459,0.20784,0.0056808,0.014749
0.14528,0.018444,0.20794,0.0057131,0.014757
0.14529,0.01843,0.20805,0.005744,0.01475
0.14521,0.018431,0.20816,0.0057916,0.014722
0.14513,0.018448,0.20826,0.0058371,0.014722
0.14507,0.018471,0.20837,0.0058803,0.014779
0.14498,0.018486,0.20847,0.0059214,0.0148
0.14485,0.018488,0.20857,0.005973,0.014766
0.14468,0.018478,0.20868,0.006033,0.014683
0.14448,0.018448,0.20879,0.0060877,0.014545
0.14426,0.018411,0.20891,0.0061455,0.014392
0.14403,0.018369,0.20904,0.0062016,0.014202
0.14379,0.018343,0.20918,0.0062585,0.013993
0.14354,0.018333,0.20932,0.0063098,0.013795
0.14327,0.018338,0.20948,0.0063561,0.013617
0.14297,0.018346,0.20964,0.0063986,0.01344
0.14261,0.018349,0.20979,0.0064484,0.013301
0.14217,0.018345,0.20994,0.0064961,0.013212
0.1417,0.018359,0.2101,0.0065423,0.013192
0.14122,0.018405,0.21027,0.0065894,0.013225
0.14076,0.018492,0.21045,0.0066434,0.013272
0.14033,0.018613,0.21065,0.0067054,0.013292
0.13989,0.018763,0.21087,0.0067798,0.013292
0.13947,0.018944,0.2111,0.0068566,0.013305
0.13901,0.019138,0.21102,0.0069306,0.013343
0.13851,0.019327,0.20854,0.0069913,0.01341
0.13795,0.019494,0.20338,0.007041,0.013465
0.13737,0.019655,0.19644,0.0070875,0.013514
0.13678,0.01981,0.19008,0.0071349,0.013562
0.13619,0.019957,0.18494,0.0071831,0.013596
0.13565,0.020093,0.18156,0.0072331,0.013598
0.13511,0.020216,0.1791,0.0072906,0.013565
0.13459,0.020339,0.17636,0.007351,0.013529
0.13405,0.020457,0.17131,0.0074035,0.013503
0.13347,0.020563,0.16454,0.0074467,0.013497
0.1329,0.020667,0.15695,0.0074822,0.0135
0.13235,0.020767,0.15196,0.0075235,0.013513
0.13184,0.020873,0.14956,0.0075748,0.013531
0.13135,0.020981,0.14944,0.0076347,0.013555
0.13085,0.021102,0.14864,0.0076963,0.013578
0.13037,0.021235,0.14784,0.0077614,0.013565
0.12988,0.021374,0.14706,0.0078336,0.013496
0.12942,0.021523,0.14692,0.0079103,0.01336
0.12896,0.021671,0.1471,0.0079868,0.01318
0.12852,0.021816,0.14728,0.0080568,0.01301
0.1281,0.021958,0.14746,0.0081235,0.012862
0.12764,0.022089,0.14765,0.0081893,0.01277
0.12716,0.022218,0.14784,0.0082592,0.012716
0.12662,0.022353,0.14804,0.0083443,0.012688
0.12603,0.022512,0.14824,0.0084466,0.012656
0.12542,0.0227,0.14845,0.0085663,0.012603
0.12483,0.022893,0.14867,0.0086875,0.012561
0.12424,0.023073,0.14719,0.0087794,0.01255
0.12365,0.023224,0.14319,0.0088291,0.012565
0.12305,0.02337,0.13675,0.0088456,0.012604
0.12241,0.023516,0.12872,0.0088501,0.012633
0.12181,0.023659,0.12075,0.0088624,0.012656
0.12127,0.02379,0.11281,0.0088798,0.012665
0.12077,0.023909,0.10494,0.008888,0.012661
0.12029,0.024019,0.09717,0.0088913,0.012651
0.11981,0.024154,0.09083,0.0089027,0.012644
0.11934,0.024322,0.084861,0.0089258,0.012642
0.11888,0.024509,0.079069,0.0089537,0.01265
0.11843,0.024703,0.072778,0.0089842,0.012674
0.11797,0.024895,0.066107,0.0090118,0.012714
0.11752,0.025101,0.059817,0.009045,0.012775
0.11705,0.025323,0.053882,0.0090812,0.012832
0.11659,0.025544,0.048201,0.0091165,0.012886
0.11608,0.025726,0.042832,0.0091454,0.012914
0.11549,0.025865,0.03783,0.0091672,0.01292
0.11486,0.025958,0.033698,0.009185,0.012913
0.11418,0.026033,0.031155,0.0092179,0.012876
0.1135,0.026117,0.030047,0.0092763,0.012813
0.11282,0.026209,0.030084,0.0093595,0.01274
0.11214,0.026302,0.030235,0.0094436,0.012677
0.11154,0.026395,0.030374,0.0095149,0.012666
0.11096,0.026478,0.030416,0.0095475,0.012674
0.11041,0.026555,0.02986,0.0095399,0.012662
0.1099,0.026628,0.028687,0.0095136,0.012633
0.10944,0.02671,0.026836,0.0094933,0.012597
0.10904,0.026811,0.024899,0.009503,0.012583
0.1087,0.02693,0.023148,0.0095592,0.012603
0.10843,0.027065,0.02165,0.009719,0.012651
0.10819,0.027198,0.020456,0.0099652,0.012719
0.10801,0.027319,0.019418,0.010259,0.012778
0.10781,0.02743,0.018775,0.011035,0.012824
0.10763,0.027531,0.018482,0.011997,0.01286
0.10749,0.027637,0.018541,0.013279,0.012913
0.10734,0.027734,0.018612,0.014845,0.012977
0.10672,0.027773,0.018517,0.017372,0.013039
0.10546,0.027743,0.018264,0.021102,0.013091
0.10359,0.027637,0.017947,0.024803,0.01313
0.10192,0.027536,0.017696,0.027309,0.013188
0.10084,0.027479,0.017526,0.028964,0.013257
0.10037,0.027475,0.017412,0.031345,0.013336
0.10028,0.027511,0.017351,0.035569,0.013413
0.10023,0.027552,0.017358,0.041481,0.013468
0.1002,0.027612,0.017436,0.047736,0.013516
0.10017,0.02769,0.017563,0.054136,0.013556
0.10013,0.027782,0.017702,0.060675,0.013587
0.10013,0.027877,0.017845,0.067409,0.013619
0.1002,0.027978,0.017991,0.074374,0.013668
0.10033,0.028084,0.018143,0.081485,0.013735
0.10049,0.028184,0.018295,0.088723,0.013797
0.10066,0.028269,0.018446,0.09609,0.013841
0.10086,0.028346,0.018597,0.10357,0.013868
0.1011,0.028424,0.018751,0.11116,0.013904
0.10135,0.028518,0.018906,0.11877,0.013951
0.10161,0.028622,0.019057,0.12564,0.01401
0.1019,0.028753,0.019218,0.13126,0.014082
0.10224,0.028911,0.019373,0.13663,0.014168
0.10263,0.029092,0.019531,0.14256,0.014268
0.10304,0.029284,0.019682,0.14799,0.014362
0.10342,0.02947,0.019833,0.15185,0.014441
0.10381,0.029645,0.019973,0.15339,0.014495
0.10418,0.029807,0.020097,0.15417,0.014533
0.10465,0.029975,0.020214,0.15741,0.014572
0.10523,0.030145,0.020324,0.16314,0.014624
0.10594,0.030315,0.02043,0.17104,0.01468
0.10672,0.030461,0.020525,0.17916,0.014737
0.10747,0.030597,0.020612,0.18721,0.014793
0.10818,0.030738,0.020685,0.19528,0.014852
0.10894,0.030877,0.020735,0.20344,0.014909
0.10972,0.031006,0.020769,0.21158,0.014964
0.11058,0.03118,0.020811,0.21806,0.015013
0.11148,0.031338,0.020883,0.22205,0.015069
0.11239,0.031492,0.020992,0.22362,0.01514
0.11328,0.031592,0.021114,0.22436,0.015224
0.11421,0.031652,0.021234,0.22748,0.015307
0.11518,0.031716,0.021346,0.23301,0.015391
0.11619,0.03177,0.021456,0.24068,0.015476
0.11718,0.031817,0.02156,0.2486,0.015561
0.11807,0.03186,0.021667,0.25652,0.015639
0.1189,0.031911,0.021778,0.26442,0.015702
0.11974,0.031994,0.021908,0.27208,0.015759
0.12064,0.032094,0.022057,0.27765,0.015814
0.12161,0.032205,0.022211,0.28108,0.01587
0.1226,0.03231,0.022361,0.28418,0.015926
0.12368,0.03241,0.0225,0.28882,0.015976
0.12481,0.032502,0.022628,0.29582,0.016015
0.12603,0.032581,0.022747,0.30205,0.01607
0.12728,0.032657,0.022848,0.30593,0.016127
0.1285,0.032744,0.022938,0.30746,0.016188
0.12971,0.032845,0.023022,0.30739,0.01624
0.13091,0.03297,0.023108,0.30734,0.01628
0.13211,0.033103,0.0232,0.30728,0.016311
0.13326,0.033235,0.023287,0.30723,0.016352
0.13438,0.033352,0.023366,0.30717,0.016395
0.13547,0.033451,0.023441,0.30709,0.016438
0.13654,0.033527,0.023517,0.30701,0.016462
0.13756,0.033584,0.023595,0.30692,0.016465
0.1386,0.033641,0.023684,0.30683,0.016473
0.13969,0.033699,0.02378,0.30675,0.016512
0.14084,0.033762,0.023871,0.30743,0.016566
0.14201,0.033812,0.023959,0.30888,0.016618
0.14319,0.03385,0.024042,0.31032,0.016646
0.14433,0.033885,0.02415,0.31152,0.016693
0.14542,0.033933,0.024289,0.31147,0.016791
0.1465,0.033994,0.024455,0.31144,0.016951
0.14759,0.034069,0.024634,0.31142,0.017145
0.14873,0.034145,0.024812,0.3114,0.017318
0.14986,0.034223,0.024984,0.31138,0.017455
0.15096,0.034291,0.025157,0.31159,0.01756
0.15202,0.034355,0.025324,0.31357,0.017652
0.15301,0.034415,0.025486,0.3175,0.01774
0.15391,0.034469,0.025643,0.32331,0.017822
0.15474,0.034514,0.025792,0.32949,0.017893
0.15555,0.034549,0.025941,0.33533,0.017957
0.15636,0.034593,0.026079,0.34087,0.018024
0.15715,0.034652,0.026202,0.3461,0.018092
0.15794,0.034723,0.026294,0.35104,0.018146
0.15876,0.034792,0.026359,0.35563,0.018185
0.15961,0.034863,0.026418,0.35985,0.01821
0.16045,0.034943,0.026481,0.36335,0.018238
0.1613,0.03503,0.02656,0.36555,0.018285
0.16215,0.035106,0.026638,0.36654,0.018336
0.16307,0.035176,0.026723,0.36659,0.018394
0.16403,0.035248,0.026802,0.36653,0.018444
0.16496,0.035337,0.026878,0.36648,0.018492
0.16577,0.035426,0.026948,0.36642,0.018531
0.16645,0.035505,0.027018,0.36634,0.018564
0.16711,0.035574,0.027098,0.36622,0.018583
0.16774,0.035646,0.027177,0.366,0.018598
0.16837,0.035739,0.02725,0.36573,0.01862
0.16898,0.035836,0.027307,0.36555,0.018652
0.16958,0.035914,0.027335,0.36499,0.01869
0.17016,0.035959,0.027324,0.36433,0.018712
0.17073,0.035968,0.027267,0.36326,0.018683
0.17129,0.035992,0.027181,0.36179,0.01861
0.17186,0.036038,0.027089,0.35926,0.018507
0.17247,0.036116,0.027004,0.35549,0.0184
0.17316,0.036214,0.026929,0.35173,0.018308
0.17386,0.036314,0.026867,0.34917,0.018218
0.17458,0.036411,0.026816,0.34748,0.018132
0.17527,0.036505,0.026776,0.34507,0.018053
0.17593,0.036594,0.026743,0.34083,0.017982
0.17663,0.03667,0.02671,0.33486,0.017916
0.17738,0.036718,0.026671,0.32853,0.017839
0.17821,0.036734,0.02662,0.32203,0.017742
0.17911,0.036721,0.02655,0.31541,0.01763
0.18004,0.036722,0.026475,0.30862,0.017508
0.1809,0.036723,0.026395,0.30164,0.017375
0.18173,0.036725,0.026314,0.29453,0.017231
0.18253,0.036724,0.026224,0.28728,0.017081
0.18324,0.036718,0.026129,0.27991,0.016934
0.18388,0.036728,0.026033,0.27244,0.016797
0.18443,0.036747,0.025943,0.26487,0.016675
0.18497,0.03677,0.025861,0.25728,0.01657
0.18548,0.036789,0.025782,0.25042,0.016462
0.18586,0.03679,0.025691,0.24481,0.01634
0.18607,0.036784,0.025595,0.23944,0.0162
0.18617,0.036777,0.02549,0.2335,0.016048
0.1862,0.036772,0.025393,0.22807,0.015904
0.18622,0.036768,0.025304,0.22421,0.015767
0.18617,0.03676,0.025226,0.22267,0.015642
0.1861,0.036755,0.025168,0.22191,0.015526
0.18595,0.036745,0.025113,0.21867,0.015409
0.18567,0.036733,0.025058,0.21293,0.015285
0.18526,0.036701,0.024989,0.20503,0.015152
0.18478,0.036655,0.024923,0.1969,0.015016
0.18428,0.036574,0.024856,0.18883,0.014867
0.18375,0.036453,0.024789,0.18074,0.014708
0.18313,0.03629,0.024713,0.17256,0.014541
0.18243,0.036092,0.024628,0.16438,0.014378
0.18164,0.035824,0.024552,0.15787,0.014232
0.18087,0.035576,0.024477,0.15386,0.014095
0.18015,0.035363,0.024405,0.15229,0.013957
0.17951,0.035213,0.02433,0.15155,0.013812
0.17883,0.035115,0.024249,0.14842,0.013664
0.17804,0.035022,0.024176,0.14289,0.013518
0.17713,0.034945,0.024109,0.13522,0.013378
0.1762,0.03488,0.024054,0.12729,0.013243
0.17537,0.034815,0.023996,0.11937,0.013109
0.17465,0.034758,0.023931,0.11145,0.012977
0.17397,0.03469,0.023854,0.10378,0.012843
0.17325,0.034614,0.023768,0.098225,0.012706
0.17245,0.034541,0.023675,0.094809,0.01257
0.17159,0.034478,0.023578,0.091726,0.012434
0.17063,0.034423,0.023486,0.087109,0.012298
0.16962,0.034366,0.023394,0.080129,0.012162
0.16852,0.034302,0.023302,0.073903,0.01201
0.16742,0.034235,0.023212,0.070006,0.011861
0.16633,0.034143,0.023124,0.068464,0.011724
0.16523,0.03403,0.023044,0.068503,0.011605
0.16411,0.033896,0.022968,0.068543,0.011492
0.16296,0.03377,0.022885,0.06858,0.011368
0.16184,0.033657,0.022803,0.068625,0.011224
0.16075,0.033568,0.022727,0.068679,0.01107
0.15974,0.033485,0.022647,0.068741,0.0109
0.1588,0.033399,0.022563,0.0688,0.010732
0.15794,0.033298,0.022469,0.068853,0.01056
0.15707,0.033186,0.02235,0.068897,0.010381
0.15613,0.033079,0.022225,0.068936,0.010198
0.15514,0.032994,0.022103,0.06822,0.010027
0.15411,0.032925,0.021989,0.066747,0.0098797
0.15307,0.032865,0.021893,0.065284,0.0097612
0.15208,0.032816,0.021789,0.064075,0.0096278
0.1511,0.032776,0.021676,0.064132,0.0094624
0.15015,0.032761,0.021557,0.064194,0.0092594
0.14914,0.032742,0.021434,0.064251,0.009048
0.14809,0.032699,0.021311,0.064299,0.0088815
0.14705,0.032626,0.021196,0.064346,0.0087618
0.14607,0.032543,0.021079,0.064158,0.008675
0.14516,0.032461,0.020964,0.062189,0.0085868
0.14432,0.032366,0.020836,0.058263,0.0084842
0.14352,0.032249,0.020694,0.052455,0.0083881
0.14275,0.032112,0.020547,0.046274,0.0083095
0.14201,0.031979,0.020396,0.040431,0.0082742
0.1413,0.031858,0.02026,0.034902,0.0083691
0.14068,0.031753,0.020139,0.029686,0.0085546
0.14008,0.031657,0.020042,0.024755,0.0088381
0.13946,0.031565,0.019962,0.020181,0.0091169
0.13879,0.031456,0.01988,0.015958,0.0094291
0.13811,0.031323,0.019784,0.012449,0.0098039
0.13742,0.03118,0.019684,0.010238,0.010267
0.13667,0.031048,0.019585,0.0092498,0.01086
0.13582,0.03093,0.01949,0.0092124,0.011595
0.13494,0.030829,0.019403,0.0092833,0.012514
0.1341,0.030731,0.019315,0.0093476,0.01345
0.13338,0.030637,0.019233,0.0094033,0.014339
0.13271,0.030544,0.019162,0.0094757,0.015647
0.13204,0.030467,0.019096,0.009568,0.01749
0.13131,0.030389,0.019038,0.009657,0.019739
0.13055,0.030308,0.018977,0.0097118,0.02189
0.12977,0.030229,0.018921,0.0096125,0.023729
0.129,0.030179,0.018897,0.0093826,0.026513
0.12825,0.03016,0.018916,0.0090977,0.030197
0.12752,0.03017,0.018983,0.0089136,0.035316
0.1268,0.030169,0.019077,0.00887,0.04095
0.12614,0.030177,0.019178,0.0089364,0.046903
0.12554,0.030191,0.019276,0.0090493,0.053151
0.12494,0.030215,0.019371,0.0091808,0.059741
0.12433,0.030234,0.01945,0.0093208,0.065312
0.12367,0.030233,0.01951,0.0094451,0.069078
0.12294,0.030206,0.019538,0.0095552,0.070896
0.12219,0.030161,0.019541,0.0096475,0.072875
0.12138,0.030117,0.019534,0.0097333,0.076365
0.12052,0.030087,0.019527,0.0098146,0.081101
0.11962,0.030073,0.019535,0.0098943,0.085312
0.11867,0.030067,0.01957,0.009981,0.087483
0.11767,0.030049,0.019615,0.010065,0.088653
0.11673,0.03003,0.019655,0.010146,0.089067
0.1158,0.030011,0.019685,0.010212,0.090359
0.1149,0.03,0.019717,0.010262,0.09194
0.11405,0.029999,0.019755,0.010299,0.095882
0.11324,0.02999,0.019791,0.010326,0.10041
0.11248,0.02998,0.019819,0.010351,0.10622
0.11172,0.029971,0.019835,0.010379,0.11212
0.111,0.029966,0.019852,0.010416,0.11918
0.11038,0.029958,0.019876,0.010455,0.12755
0.1099,0.029929,0.019902,0.010497,0.13752
0.10946,0.029872,0.019934,0.010528,0.14744
0.10905,0.029794,0.019958,0.010546,0.15738
0.10862,0.029704,0.019973,0.010552,0.16734
0.10825,0.029627,0.019978,0.010551,0.17736
0.10792,0.029559,0.019969,0.010555,0.18736
0.10763,0.029501,0.019958,0.010568,0.19733
0.10744,0.029445,0.019955,0.010601,0.20733
0.10733,0.029392,0.019966,0.010643,0.2174
0.10731,0.029342,0.019979,0.010697,0.2276
0.10736,0.029293,0.01999,0.010749,0.2379
0.10743,0.029262,0.019999,0.010814,0.2483
0.10754,0.029259,0.020014,0.010896,0.25878
0.10768,0.029283,0.020041,0.010991,0.26933
0.10785,0.029305,0.020057,0.011085,0.27986
0.10799,0.029302,0.020055,0.011151,0.29027
0.1081,0.029268,0.020021,0.011182,0.30053
0.10816,0.029216,0.019969,0.011186,0.31071
0.10827,0.029161,0.019936,0.011194,0.32095
0.10842,0.029121,0.019923,0.011221,0.33132
0.10862,0.029099,0.019928,0.011268,0.34178
0.10884,0.029097,0.019936,0.011334,0.35228
0.10904,0.029095,0.019939,0.011395,0.36271
0.10921,0.029076,0.01994,0.011446,0.37308
0.10936,0.02904,0.019933,0.01148,0.38336
0.1095,0.02899,0.019912,0.011502,0.39362
0.10962,0.028928,0.019891,0.011521,0.40387
0.10974,0.028855,0.019879,0.011536,0.41406
0.10988,0.028776,0.019882,0.011558,0.42419
0.11,0.028689,0.019902,0.011587,0.43432
0.11013,0.028626,0.019931,0.011643,0.44458
0.11025,0.028588,0.019962,0.011725,0.45495
0.1104,0.02859,0.019999,0.011835,0.46542
0.11057,0.028635,0.020051,0.01197,0.47586
0.11076,0.028674,0.020098,0.012101,0.48625
0.11098,0.028686,0.020139,0.012216,0.49659
0.1112,0.02866,0.02016,0.012301,0.50693
0.1114,0.028596,0.020169,0.012359,0.51724
0.11158,0.02853,0.02018,0.012394,0.52651
0.11173,0.02846,0.020188,0.012416,0.53471
0.11188,0.028398,0.02019,0.012434,0.54187
0.11203,0.028348,0.020198,0.012466,0.54963
0.1122,0.028301,0.020218,0.012514,0.55811
0.11236,0.028246,0.020249,0.012571,0.56662
0.11251,0.028188,0.020288,0.01263,0.57482
0.11266,0.028128,0.020323,0.012686,0.58301
0.11282,0.028079,0.020347,0.012742,0.59216
0.11297,0.028038,0.020353,0.012794,0.60228
0.11311,0.027986,0.020333,0.012823,0.61241
0.11328,0.027934,0.020287,0.012829,0.62256
0.11345,0.027871,0.02024,0.012831,0.6327
0.1136,0.027802,0.020205,0.012834,0.64282
0.11372,0.027734,0.020195,0.012872,0.6529
0.1138,0.027668,0.020209,0.012933,0.66292
0.11386,0.027625,0.020243,0.013003,0.6728
0.11392,0.027602,0.020286,0.013074,0.68246
0.11399,0.027587,0.020335,0.013132,0.69007
0.11409,0.027578,0.02039,0.013188,0.69513
0.11422,0.027562,0.020444,0.013241,0.69944
0.11436,0.027541,0.020495,0.013295,0.70414
0.11451,0.027528,0.020541,0.013343,0.71087
0.11466,0.02753,0.020582,0.013401,0.71799
0.11485,0.027559,0.020631,0.01346,0.72471
0.11508,0.027606,0.020691,0.013512,0.73096
0.11535,0.027653,0.020759,0.01355,0.73669
0.11568,0.027692,0.020833,0.013572,0.7418
0.116,0.027723,0.020898,0.0136,0.74542
0.11628,0.027738,0.020946,0.013641,0.7479
0.11649,0.027742,0.02098,0.013685,0.74977
0.11668,0.027743,0.021006,0.013733,0.75144
0.11686,0.027744,0.021024,0.013753,0.75256
0.11703,0.027728,0.021035,0.013751,0.75237
0.1172,0.027696,0.021034,0.013745,0.75114
0.11732,0.027641,0.021016,0.013755,0.74973
0.11743,0.027587,0.020997,0.013789,0.74856
0.11752,0.027531,0.020969,0.013837,0.74644
0.1176,0.027484,0.020931,0.013854,0.7434
0.11766,0.027437,0.02087,0.013844,0.73889
0.11771,0.027385,0.020785,0.013831,0.7338
0.11772,0.027318,0.020687,0.013824,0.72831
0.11765,0.027226,0.020584,0.013813,0.72246
0.11756,0.027126,0.020484,0.013791,0.71619
0.1175,0.02704,0.0204,0.013739,0.71087
0.11753,0.026983,0.020336,0.013702,0.70729
0.1177,0.026957,0.020299,0.013664,0.7056
0.11793,0.026951,0.020279,0.013634,0.70371
0.11815,0.026952,0.020271,0.013611,0.70029
0.11834,0.026963,0.020274,0.013594,0.69563
0.11846,0.026976,0.020277,0.013585,0.69153
0.11857,0.026989,0.02027,0.013576,0.68949
0.11864,0.026988,0.02025,0.013558,0.68846
0.11868,0.026975,0.02022,0.013526,0.68817
0.11871,0.026947,0.020184,0.01349,0.68698
0.11875,0.02691,0.020138,0.01346,0.6855
0.11877,0.026881,0.020096,0.01345,0.68166
0.11874,0.026863,0.020067,0.013453,0.67725
0.11865,0.026858,0.020051,0.013464,0.67159
0.11854,0.026859,0.020045,0.013471,0.66582
0.11843,0.026847,0.020026,0.013472,0.6589
0.11834,0.026829,0.019988,0.013476,0.65067
0.11826,0.026795,0.019932,0.013484,0.64085
0.11818,0.026759,0.019856,0.013517,0.63108
0.11814,0.026729,0.019771,0.013565,0.62131
0.11814,0.026719,0.019687,0.013629,0.61153
0.11819,0.02671,0.019617,0.013694,0.60171
0.11824,0.026707,0.019541,0.013766,0.5919
0.11825,0.026693,0.019488,0.013837,0.58212
0.11823,0.026681,0.019445,0.013902,0.57231
0.1182,0.026672,0.01942,0.013955,0.56245
0.11816,0.026662,0.019403,0.013988,0.55246
0.11812,0.026669,0.019387,0.01402,0.54236
0.11809,0.02668,0.019386,0.014036,0.53214
0.11806,0.026686,0.019393,0.014032,0.52181
0.11802,0.026688,0.019394,0.014018,0.5114
0.11797,0.026695,0.019399,0.014012,0.50102
0.11793,0.026719,0.019415,0.014046,0.49076
0.1179,0.026764,0.019451,0.01412,0.48064
0.11787,0.026818,0.019494,0.014225,0.47062
0.11782,0.026867,0.019513,0.014318,0.46053
0.11779,0.026894,0.019504,0.01438,0.45035
0.11778,0.026902,0.019487,0.014413,0.44008
0.11777,0.026889,0.01946,0.014427,0.42978
0.11774,0.02687,0.019439,0.014442,0.41952
0.11764,0.026847,0.01941,0.01446,0.4093
0.11751,0.026817,0.019367,0.014482,0.39914
0.11734,0.026791,0.019335,0.01451,0.38899
0.1172,0.026769,0.019305,0.01454,0.37887
0.11709,0.026755,0.019265,0.014575,0.36882
0.11705,0.026751,0.019219,0.014599,0.35881
0.11704,0.02675,0.019159,0.014605,0.34882
0.11704,0.026736,0.019104,0.014585,0.3387
0.11698,0.026705,0.01906,0.014546,0.32848
0.11686,0.026647,0.019023,0.014488,0.31818
0.1167,0.026562,0.01897,0.014411,0.30791
0.11652,0.026484,0.018924,0.014337,0.29769
0.11636,0.026428,0.018893,0.014288,0.28751
0.11624,0.026408,0.018893,0.014272,0.27733
0.11616,0.026417,0.018888,0.014288,0.26718
0.11607,0.026426,0.018856,0.014316,0.25806
0.11598,0.026443,0.018821,0.014345,0.25
0.11587,0.026453,0.018795,0.014366,0.24298
0.11575,0.026457,0.018791,0.014366,0.23534
0.11562,0.026465,0.018792,0.014351,0.227
0.1155,0.026478,0.018802,0.014331,0.21863
0.11538,0.026498,0.018815,0.01431,0.21056
0.11525,0.026533,0.018831,0.014291,0.2025
0.11512,0.026536,0.018856,0.01427,0.19346
0.11507,0.026533,0.018881,0.014245,0.18349
0.11503,0.026511,0.018875,0.014244,0.17506
0.115,0.026491,0.01889,0.014269,0.16642
0.11498,0.026484,0.018905,0.014306,0.15758
0.11498,0.026491,0.018904,0.01434,0.14857
0.11499,0.026504,0.01888,0.014348,0.13939
0.115,0.026517,0.018838,0.014341,0.13008
0.11501,0.026523,0.01879,0.014331,0.12075
0.11502,0.026525,0.018739,0.014319,0.11145
0.11504,0.026529,0.018686,0.014312,0.10418
0.11501,0.026527,0.018626,0.014306,0.099539
0.11496,0.026525,0.018564,0.014295,0.095496
0.11487,0.026517,0.018501,0.014276,0.090803
0.11478,0.026502,0.018443,0.014246,0.083573
0.11471,0.026479,0.018393,0.014208,0.075735
0.11463,0.026446,0.018347,0.014169,0.068154
0.11451,0.026413,0.018305,0.014141,0.060856
0.11437,0.026388,0.018265,0.014122,0.053915
0.11419,0.026372,0.018228,0.014111,0.047397
0.11403,0.026362,0.018205,0.0141,0.042395
0.11388,0.026362,0.018202,0.014091,0.038468
0.11372,0.026371,0.018216,0.014091,0.035195
0.11355,0.026382,0.01824,0.014096,0.032179
0.11337,0.026394,0.018259,0.014115,0.029234
0.11322,0.026407,0.018271,0.014135,0.027221
0.11312,0.02643,0.018282,0.014153,0.025976
0.11312,0.026465,0.018307,0.014157,0.025038
0.11317,0.026506,0.01834,0.014158,0.02417
0.11325,0.026553,0.018381,0.014167,0.023307
0.11333,0.026601,0.01842,0.014193,0.022478
0.11344,0.026659,0.018468,0.014233,0.021727
0.11356,0.026731,0.018524,0.014251,0.021102
0.11367,0.026802,0.01859,0.014251,0.020637
0.11378,0.026873,0.018661,0.014241,0.020272
0.11387,0.026931,0.018721,0.014239,0.02001
0.11389,0.026976,0.018763,0.014271,0.019831
0.11381,0.027018,0.018788,0.014303,0.019724
0.11358,0.027059,0.018803,0.014354,0.019693
0.11328,0.027104,0.018819,0.014408,0.019709
0.11301,0.027148,0.018829,0.014462,0.019752
0.11278,0.027173,0.018822,0.014514,0.019799
0.11261,0.027196,0.018804,0.014565,0.019829
0.11244,0.027229,0.018782,0.014615,0.019851
0.11231,0.027287,0.018775,0.014676,0.019872
0.11219,0.02736,0.018785,0.014749,0.019909
0.11206,0.027449,0.018818,0.014836,0.019976
0.1119,0.027556,0.018871,0.014925,0.02006
0.11179,0.027656,0.018928,0.014998,0.020155
0.11176,0.027738,0.018974,0.015057,0.020226
0.11184,0.027778,0.018992,0.015092,0.020248
