Time,Click
2022-06-30 16:11:09.799868-07:00,88.45722957
2022-06-30 16:11:09.838571-07:00,87.64356334
2022-06-30 16:11:09.880308-07:00,87.72986493
2022-06-30 16:11:09.959898-07:00,73.91613434
2022-06-30 16:11:09.999731-07:00,74.00237155
2022-06-30 16:11:10.038462-07:00,75.78857659
2022-06-30 16:11:10.160948-07:00,75.87474944
2022-06-30 16:11:10.161158-07:00,75.0608901
2022-06-30 16:11:10.270707-07:00,75.14699858
2022-06-30 16:11:10.271060-07:00,75.23307488
2022-06-30 16:11:10.280037-07:00,75.31911899
2022-06-30 16:11:10.359927-07:00,74.60513091
2022-06-30 16:11:10.400045-07:00,74.69111065
2022-06-30 16:11:10.440845-07:00,70.37705821
2022-06-30 16:11:10.481201-07:00,70.46297358
2022-06-30 16:11:10.561126-07:00,68.84885676
2022-06-30 16:11:10.598917-07:00,67.13470777
2022-06-30 16:11:10.641347-07:00,67.22052658
2022-06-30 16:11:10.679538-07:00,64.70631321
2022-06-30 16:11:10.759083-07:00,64.79206766
2022-06-30 16:11:10.801128-07:00,64.87778992
2022-06-30 16:11:10.839706-07:00,64.96348
2022-06-30 16:11:10.919395-07:00,62.44913789
2022-06-30 16:11:11.001198-07:00,62.5347636
2022-06-30 16:11:11.001758-07:00,65.22035712
2022-06-30 16:11:11.039268-07:00,65.30591846
2022-06-30 16:11:11.081588-07:00,62.79144761
2022-06-30 16:11:11.200826-07:00,62.87694458
2022-06-30 16:11:11.201403-07:00,62.96240936
2022-06-30 16:11:11.239810-07:00,63.04784196
2022-06-30 16:11:11.281162-07:00,59.63324238
2022-06-30 16:11:11.401119-07:00,59.71861061
2022-06-30 16:11:11.401658-07:00,56.40394665
2022-06-30 16:11:11.441365-07:00,56.48925051
2022-06-30 16:11:11.521298-07:00,64.37452219
2022-06-30 16:11:11.559392-07:00,64.45976167
2022-06-30 16:11:11.599272-07:00,62.74496898
2022-06-30 16:11:11.639492-07:00,62.8301441
2022-06-30 16:11:11.681498-07:00,55.11528704
2022-06-30 16:11:11.760164-07:00,55.20039779
2022-06-30 16:11:11.800104-07:00,58.78547635
2022-06-30 16:11:11.839195-07:00,58.87052273
2022-06-30 16:11:11.881304-07:00,55.45553693
2022-06-30 16:11:11.959496-07:00,53.84051894
2022-06-30 16:11:11.999547-07:00,53.92546877
2022-06-30 16:11:12.039506-07:00,51.41038641
2022-06-30 16:11:12.081614-07:00,51.49527187
2022-06-30 16:11:12.158946-07:00,52.38012514
2022-06-30 16:11:12.199277-07:00,52.46494623
2022-06-30 16:11:12.239554-07:00,51.74973513
2022-06-30 16:11:12.281656-07:00,51.83449185
2022-06-30 16:11:12.359370-07:00,50.11921638
2022-06-30 16:11:12.400217-07:00,50.20390873
2022-06-30 16:11:12.438663-07:00,45.08856889
2022-06-30 16:11:12.478379-07:00,45.17319687
2022-06-30 16:11:12.520292-07:00,44.45779266
2022-06-30 16:11:12.599262-07:00,44.54235627
2022-06-30 16:11:12.680495-07:00,46.3268877
2022-06-30 16:11:12.681102-07:00,46.41138694
2022-06-30 16:11:12.759294-07:00,42.99585399
2022-06-30 16:11:12.802942-07:00,43.08028886
2022-06-30 16:11:12.841308-07:00,51.86469155
2022-06-30 16:11:12.880146-07:00,51.94906205
2022-06-30 16:11:12.921895-07:00,49.43340036
2022-06-30 16:11:12.999876-07:00,49.51770649
2022-06-30 16:11:13.038602-07:00,46.10198044
2022-06-30 16:11:13.080268-07:00,46.1862222
2022-06-30 16:11:13.121613-07:00,39.37043178
2022-06-30 16:11:13.199276-07:00,44.65460917
2022-06-30 16:11:13.240745-07:00,44.73875437
2022-06-30 16:11:13.279395-07:00,42.22286739
2022-06-30 16:11:13.321147-07:00,42.30694823
2022-06-30 16:11:13.399533-07:00,44.09099688
2022-06-30 16:11:13.439264-07:00,44.17501335
2022-06-30 16:11:13.479856-07:00,43.45899763
2022-06-30 16:11:13.521402-07:00,43.54294973
2022-06-30 16:11:13.599339-07:00,41.82686964
2022-06-30 16:11:13.639482-07:00,41.91075737
2022-06-30 16:11:13.679480-07:00,45.49461292
2022-06-30 16:11:13.720391-07:00,45.57843627
2022-06-30 16:11:13.798622-07:00,38.76222745
2022-06-30 16:11:13.839612-07:00,38.84598644
2022-06-30 16:11:13.878756-07:00,44.12971324
2022-06-30 16:11:13.921177-07:00,44.21340786
2022-06-30 16:11:13.999341-07:00,39.0970703
2022-06-30 16:11:14.038768-07:00,39.18070054
2022-06-30 16:11:14.080010-07:00,37.56429861
2022-06-30 16:11:14.119494-07:00,37.64786449
2022-06-30 16:11:14.199357-07:00,37.73139819
2022-06-30 16:11:14.239339-07:00,37.8148997
2022-06-30 16:11:14.279183-07:00,37.89836902
2022-06-30 16:11:14.321116-07:00,37.98180616
2022-06-30 16:11:14.399252-07:00,40.66521112
2022-06-30 16:11:14.441136-07:00,36.34858389
2022-06-30 16:11:14.479496-07:00,36.43192448
2022-06-30 16:11:14.521010-07:00,39.11523288
2022-06-30 16:11:14.560489-07:00,39.19850909
2022-06-30 16:11:14.639254-07:00,34.98175313
2022-06-30 16:11:14.679456-07:00,35.06496497
2022-06-30 16:11:14.719949-07:00,35.14814464
2022-06-30 16:11:14.761069-07:00,35.23129211
2022-06-30 16:11:14.839401-07:00,36.21440741
2022-06-30 16:11:14.879503-07:00,36.29749051
2022-06-30 16:11:14.921416-07:00,33.78054144
2022-06-30 16:11:14.961081-07:00,33.86356018
2022-06-30 16:11:15.039386-07:00,37.34654673
2022-06-30 16:11:15.079939-07:00,37.4295011
2022-06-30 16:11:15.118705-07:00,43.61242328
2022-06-30 16:11:15.200315-07:00,43.69531328
2022-06-30 16:11:15.239362-07:00,36.8781711
2022-06-30 16:11:15.320019-07:00,36.96099673
2022-06-30 16:11:15.321181-07:00,33.54379017
2022-06-30 16:11:15.361184-07:00,33.62655143
2022-06-30 16:11:15.438671-07:00,36.30928051
2022-06-30 16:11:15.479241-07:00,36.3919774
2022-06-30 16:11:15.519755-07:00,33.8746421
2022-06-30 16:11:15.561202-07:00,33.95727462
2022-06-30 16:11:15.639330-07:00,34.93987496
2022-06-30 16:11:15.679129-07:00,35.02244311
2022-06-30 16:11:15.719444-07:00,35.10497908
2022-06-30 16:11:15.761210-07:00,29.98748286
2022-06-30 16:11:15.839275-07:00,30.06995445
2022-06-30 16:11:15.918817-07:00,34.45239387
2022-06-30 16:11:15.919938-07:00,34.53480109
2022-06-30 16:11:15.960331-07:00,30.31717614
2022-06-30 16:11:16.042056-07:00,30.39951899
2022-06-30 16:11:16.177675-07:00,29.58182967
2022-06-30 16:11:16.178432-07:00,29.66410815
2022-06-30 16:11:16.178905-07:00,31.44635446
2022-06-30 16:11:16.308210-07:00,31.52856858
2022-06-30 16:11:16.309509-07:00,36.81075051
2022-06-30 16:11:16.321299-07:00,36.89290026
2022-06-30 16:11:16.360061-07:00,34.37501782
2022-06-30 16:11:16.441990-07:00,34.4571032
2022-06-30 16:11:16.479442-07:00,32.8391564
2022-06-30 16:11:16.560368-07:00,32.9211774
2022-06-30 16:11:16.560944-07:00,27.00316623
2022-06-30 16:11:16.639275-07:00,27.08512287
2022-06-30 16:11:16.679360-07:00,35.76704732
2022-06-30 16:11:16.719152-07:00,35.84893959
2022-06-30 16:11:16.760444-07:00,25.53079968
2022-06-30 16:11:16.801033-07:00,25.61262758
2022-06-30 16:11:16.882557-07:00,31.7944233
2022-06-30 16:11:16.919391-07:00,33.57618683
2022-06-30 16:11:16.961101-07:00,33.65791817
2022-06-30 16:11:17.000553-07:00,32.83961734
2022-06-30 16:11:17.081385-07:00,32.92128431
2022-06-30 16:11:17.119379-07:00,32.2029191
2022-06-30 16:11:17.161065-07:00,32.28452171
2022-06-30 16:11:17.201040-07:00,28.86609213
2022-06-30 16:11:17.375927-07:00,28.94763037
2022-06-30 16:11:17.376669-07:00,31.62913642
2022-06-30 16:11:17.377110-07:00,31.71061029
2022-06-30 16:11:17.483614-07:00,32.69205197
2022-06-30 16:11:17.484262-07:00,32.77346147
2022-06-30 16:11:17.518892-07:00,31.15483879
2022-06-30 16:11:17.558706-07:00,31.23618391
2022-06-30 16:11:17.600319-07:00,29.51749686
2022-06-30 16:11:17.718696-07:00,29.59877762
2022-06-30 16:11:17.722038-07:00,30.58002619
2022-06-30 16:11:17.758369-07:00,30.66124258
2022-06-30 16:11:17.839916-07:00,29.84242679
2022-06-30 16:11:17.880096-07:00,29.92357881
2022-06-30 16:11:17.918913-07:00,30.00469864
2022-06-30 16:11:17.958701-07:00,30.08578629
2022-06-30 16:11:17.999593-07:00,29.36684176
2022-06-30 16:11:18.080137-07:00,29.44786504
2022-06-30 16:11:18.118555-07:00,31.22885613
2022-06-30 16:11:18.158627-07:00,276.709815
2022-06-30 16:11:18.200501-07:00,276.7907418
2022-06-30 16:11:18.279314-07:00,417.2716363
2022-06-30 16:11:18.319272-07:00,417.3524987
2022-06-30 16:11:18.361392-07:00,395.4333288
2022-06-30 16:11:18.401021-07:00,395.5141268
2022-06-30 16:11:18.481206-07:00,236.0948926
2022-06-30 16:11:18.519243-07:00,236.1756262
2022-06-30 16:11:18.559390-07:00,190.1563277
2022-06-30 16:11:18.601062-07:00,190.2369969
2022-06-30 16:11:18.679296-07:00,175.217634
2022-06-30 16:11:18.718505-07:00,175.2982389
2022-06-30 16:11:18.758798-07:00,153.3788116
2022-06-30 16:11:18.801567-07:00,153.4593521
2022-06-30 16:11:18.879114-07:00,140.3398604
2022-06-30 16:11:18.918248-07:00,140.4203365
2022-06-30 16:11:19.000138-07:00,133.5007805
2022-06-30 16:11:19.000844-07:00,133.5811923
2022-06-30 16:11:19.081808-07:00,126.6615718
2022-06-30 16:11:19.119263-07:00,126.7419192
2022-06-30 16:11:19.159126-07:00,123.3222345
2022-06-30 16:11:19.201045-07:00,123.4025175
2022-06-30 16:11:19.376899-07:00,114.7827683
2022-06-30 16:11:19.377664-07:00,114.862987
2022-06-30 16:11:19.378211-07:00,114.9431735
2022-06-30 16:11:19.502096-07:00,115.0233278
2022-06-30 16:11:19.502689-07:00,110.7034499
2022-06-30 16:11:19.521116-07:00,105.4835398
2022-06-30 16:11:19.559131-07:00,105.5635975
2022-06-30 16:11:19.600709-07:00,103.9436231
2022-06-30 16:11:19.679173-07:00,104.0236164
2022-06-30 16:11:19.720988-07:00,99.70357762
2022-06-30 16:11:19.759138-07:00,99.78350662
2022-06-30 16:11:19.801251-07:00,98.16340343
2022-06-30 16:11:19.981158-07:00,98.24326806
2022-06-30 16:11:19.981740-07:00,89.6231005
2022-06-30 16:11:19.982064-07:00,89.70290076
2022-06-30 16:11:20.003154-07:00,91.48266883
2022-06-30 16:11:20.111644-07:00,91.56240472
2022-06-30 16:11:20.119505-07:00,89.04210842
2022-06-30 16:11:20.161355-07:00,89.12177994
2022-06-30 16:11:20.200829-07:00,87.50141928
2022-06-30 16:11:20.282782-07:00,87.58102643
2022-06-30 16:11:20.320225-07:00,87.66060139
2022-06-30 16:11:20.399571-07:00,87.74014417
2022-06-30 16:11:20.402327-07:00,85.21965477
2022-06-30 16:11:20.439865-07:00,85.29913318
2022-06-30 16:11:20.520390-07:00,81.8785794
2022-06-30 16:11:20.558454-07:00,81.95799344
2022-06-30 16:11:20.599081-07:00,82.8373753
2022-06-30 16:11:20.653825-07:00,82.91672497
2022-06-30 16:11:20.762586-07:00,81.29604245
2022-06-30 16:11:20.763919-07:00,80.47532775
2022-06-30 16:11:20.884961-07:00,80.55458087
2022-06-30 16:11:20.885728-07:00,80.6338018
2022-06-30 16:11:20.921073-07:00,80.71299055
2022-06-30 16:11:20.958811-07:00,78.19214711
2022-06-30 16:11:20.999009-07:00,78.27127149
2022-06-30 16:11:21.042032-07:00,74.95036368
2022-06-30 16:11:21.122848-07:00,75.02942369
2022-06-30 16:11:21.159206-07:00,72.50845151
2022-06-30 16:11:21.199334-07:00,72.58744715
2022-06-30 16:11:21.280601-07:00,75.2664106
2022-06-30 16:11:21.319487-07:00,75.34534187
2022-06-30 16:11:21.361023-07:00,66.72424095
2022-06-30 16:11:21.399328-07:00,66.80310785
2022-06-30 16:11:21.440951-07:00,74.68194257
2022-06-30 16:11:21.520637-07:00,74.7607451
2022-06-30 16:11:21.559190-07:00,70.43951544
2022-06-30 16:11:21.599030-07:00,70.5182536
2022-06-30 16:11:21.640337-07:00,67.19695957
2022-06-30 16:11:21.719039-07:00,67.27563336
2022-06-30 16:11:21.759083-07:00,68.15427497
2022-06-30 16:11:21.799335-07:00,68.23288439
2022-06-30 16:11:21.839466-07:00,66.61146162
2022-06-30 16:11:21.960283-07:00,66.69000668
2022-06-30 16:11:21.961321-07:00,66.76851954
2022-06-30 16:11:21.998527-07:00,66.84700022
2022-06-30 16:11:22.039728-07:00,66.92544872
2022-06-30 16:11:22.121021-07:00,65.30386503
2022-06-30 16:11:22.159325-07:00,65.38224916
2022-06-30 16:11:22.198965-07:00,61.9606011
2022-06-30 16:11:22.240963-07:00,62.03892086
2022-06-30 16:11:22.319115-07:00,63.01720843
2022-06-30 16:11:22.360888-07:00,63.09546382
2022-06-30 16:11:22.398537-07:00,61.37368702
2022-06-30 16:11:22.440961-07:00,61.45187804
2022-06-30 16:11:22.519146-07:00,59.83003687
2022-06-30 16:11:22.558457-07:00,59.90816352
2022-06-30 16:11:22.599234-07:00,58.28625798
2022-06-30 16:11:22.638781-07:00,58.36432026
2022-06-30 16:11:22.681435-07:00,58.44235035
2022-06-30 16:11:22.759110-07:00,58.52034826
2022-06-30 16:11:22.841804-07:00,60.29831399
2022-06-30 16:11:22.842540-07:00,60.37624753
2022-06-30 16:11:22.881093-07:00,58.75414888
2022-06-30 16:11:22.959151-07:00,58.83201805
2022-06-30 16:11:22.999037-07:00,56.30985503
2022-06-30 16:11:23.039281-07:00,56.38765984
2022-06-30 16:11:23.081080-07:00,53.86543245
2022-06-30 16:11:23.159199-07:00,53.94317288
2022-06-30 16:11:23.239967-07:00,52.32088113
2022-06-30 16:11:23.241477-07:00,57.49855719
2022-06-30 16:11:23.280981-07:00,57.57620106
2022-06-30 16:11:23.361576-07:00,55.15381276
2022-06-30 16:11:23.400525-07:00,55.23139226
2022-06-30 16:11:23.479665-07:00,57.00893958
2022-06-30 16:11:23.481385-07:00,57.08645472
2022-06-30 16:11:23.559092-07:00,51.06393767
2022-06-30 16:11:23.599041-07:00,51.14138844
2022-06-30 16:11:23.639222-07:00,59.01880702
2022-06-30 16:11:23.681520-07:00,59.09619342
2022-06-30 16:11:23.759284-07:00,57.47354763
2022-06-30 16:11:23.840381-07:00,57.55086966
2022-06-30 16:11:23.841081-07:00,51.5281595
2022-06-30 16:11:23.880951-07:00,51.60541716
2022-06-30 16:11:23.959107-07:00,56.88264264
2022-06-30 16:11:23.999960-07:00,56.95983593
2022-06-30 16:11:24.038308-07:00,52.73699703
2022-06-30 16:11:24.121848-07:00,52.81412595
2022-06-30 16:11:24.158900-07:00,51.99122268
2022-06-30 16:11:24.198982-07:00,52.06828723
2022-06-30 16:11:24.239089-07:00,49.5453196
2022-06-30 16:11:24.280736-07:00,49.62231978
2022-06-30 16:11:24.360835-07:00,50.59928777
2022-06-30 16:11:24.398965-07:00,50.67622358
2022-06-30 16:11:24.438959-07:00,50.75312721
2022-06-30 16:11:24.481513-07:00,49.12999865
2022-06-30 16:11:24.559093-07:00,49.20683791
2022-06-30 16:11:24.601881-07:00,47.48364498
2022-06-30 16:11:24.639194-07:00,47.56041986
2022-06-30 16:11:24.681020-07:00,48.53716257
2022-06-30 16:11:24.720777-07:00,48.61387308
2022-06-30 16:11:24.840019-07:00,44.39055142
2022-06-30 16:11:24.840794-07:00,44.46719756
2022-06-30 16:11:24.880300-07:00,48.84381152
2022-06-30 16:11:24.920908-07:00,48.9203933
2022-06-30 16:11:24.999047-07:00,46.3969429
2022-06-30 16:11:25.038213-07:00,46.4734603
2022-06-30 16:11:25.079589-07:00,52.64994553
2022-06-30 16:11:25.121698-07:00,52.72639857
2022-06-30 16:11:25.199161-07:00,48.40281942
2022-06-30 16:11:25.241005-07:00,48.47920809
2022-06-30 16:11:25.279204-07:00,45.15556457
2022-06-30 16:11:25.320739-07:00,45.23188887
2022-06-30 16:11:25.399253-07:00,47.90818099
2022-06-30 16:11:25.440218-07:00,47.98444091
2022-06-30 16:11:25.481201-07:00,45.46066866
2022-06-30 16:11:25.520904-07:00,45.53686422
2022-06-30 16:11:25.599282-07:00,42.11302759
2022-06-30 16:11:25.639091-07:00,42.18915879
2022-06-30 16:11:25.678164-07:00,44.86525779
2022-06-30 16:11:25.720898-07:00,47.54132461
2022-06-30 16:11:25.798975-07:00,47.61735925
2022-06-30 16:11:25.839126-07:00,42.4933617
2022-06-30 16:11:25.879601-07:00,42.56933196
2022-06-30 16:11:25.920877-07:00,45.24527005
2022-06-30 16:11:25.999083-07:00,45.32117594
2022-06-30 16:11:26.039114-07:00,47.09704966
2022-06-30 16:11:26.166356-07:00,47.17289118
2022-06-30 16:11:26.167131-07:00,42.94870052
2022-06-30 16:11:26.276853-07:00,43.02447768
2022-06-30 16:11:26.278060-07:00,41.40022265
2022-06-30 16:11:26.320016-07:00,41.47593544
2022-06-30 16:11:26.359364-07:00,44.15161605
2022-06-30 16:11:26.401032-07:00,44.22726446
2022-06-30 16:11:26.440855-07:00,47.7028807
2022-06-30 16:11:26.480843-07:00,47.77846475
2022-06-30 16:11:26.520124-07:00,38.45401661
2022-06-30 16:11:26.598856-07:00,38.52953629
2022-06-30 16:11:26.639258-07:00,48.00502378
2022-06-30 16:11:26.678895-07:00,48.08047909
2022-06-30 16:11:26.720947-07:00,45.65590222
2022-06-30 16:11:26.801021-07:00,45.73129316
2022-06-30 16:11:26.840188-07:00,44.90665191
2022-06-30 16:11:26.878880-07:00,44.98197848
2022-06-30 16:11:26.920411-07:00,45.05727287
2022-06-30 16:11:26.998307-07:00,43.43253507
2022-06-30 16:11:27.118520-07:00,43.50776509
2022-06-30 16:11:27.121603-07:00,46.18296292
2022-06-30 16:11:27.123008-07:00,46.25812856
2022-06-30 16:11:27.240666-07:00,42.83326202
2022-06-30 16:11:27.242195-07:00,42.9083633
2022-06-30 16:11:27.373599-07:00,46.48343239
2022-06-30 16:11:27.374433-07:00,46.5584693
2022-06-30 16:11:27.497194-07:00,41.43347402
2022-06-30 16:11:27.497972-07:00,41.50844656
2022-06-30 16:11:27.498473-07:00,40.68338691
2022-06-30 16:11:27.520597-07:00,40.75829508
2022-06-30 16:11:27.560019-07:00,40.03317106
2022-06-30 16:11:27.638687-07:00,40.10801486
2022-06-30 16:11:27.678050-07:00,40.18282647
2022-06-30 16:11:27.721292-07:00,40.2576059
2022-06-30 16:11:27.760983-07:00,41.13235315
2022-06-30 16:11:27.839064-07:00,41.20706821
2022-06-30 16:11:27.879874-07:00,39.58175108
2022-06-30 16:11:27.960029-07:00,39.65640177
2022-06-30 16:11:27.961843-07:00,40.63102027
2022-06-30 16:11:28.038990-07:00,40.70560659
2022-06-30 16:11:28.079031-07:00,38.18016073
2022-06-30 16:11:28.119192-07:00,38.25468268
2022-06-30 16:11:28.161237-07:00,43.42917244
2022-06-30 16:11:28.238707-07:00,280.80363
2022-06-30 16:11:28.279047-07:00,280.8780554
2022-06-30 16:11:28.319208-07:00,392.7524486
2022-06-30 16:11:28.360623-07:00,392.8268097
2022-06-30 16:11:28.480142-07:00,378.4011385
2022-06-30 16:11:28.480736-07:00,378.4754352
2022-06-30 16:11:28.518877-07:00,267.8496996
2022-06-30 16:11:28.560817-07:00,267.9239319
2022-06-30 16:11:28.639741-07:00,211.098132
2022-06-30 16:11:28.678914-07:00,211.1722999
2022-06-30 16:11:28.719751-07:00,190.8464357
2022-06-30 16:11:28.760872-07:00,190.9205392
2022-06-30 16:11:28.839112-07:00,167.2946106
2022-06-30 16:11:28.878988-07:00,167.3686498
2022-06-30 16:11:28.919539-07:00,154.2426567
2022-06-30 16:11:28.963284-07:00,154.3166316
2022-06-30 16:11:29.038936-07:00,144.6905742
2022-06-30 16:11:29.080438-07:00,144.7644846
2022-06-30 16:11:29.119199-07:00,134.3383629
2022-06-30 16:11:29.159332-07:00,134.4122089
2022-06-30 16:11:29.239039-07:00,130.9860228
2022-06-30 16:11:29.278915-07:00,131.0598045
2022-06-30 16:11:29.360131-07:00,123.333554
2022-06-30 16:11:29.361027-07:00,123.4072714
2022-06-30 16:11:29.439066-07:00,119.9809565
2022-06-30 16:11:29.479007-07:00,120.0546095
2022-06-30 16:11:29.520905-07:00,116.6282303
2022-06-30 16:11:29.561269-07:00,108.8018188
2022-06-30 16:11:29.639069-07:00,108.8753753
2022-06-30 16:11:29.679015-07:00,108.9488995
2022-06-30 16:11:29.719100-07:00,109.0223915
2022-06-30 16:11:29.760774-07:00,103.8958514
2022-06-30 16:11:29.838956-07:00,103.969279
2022-06-30 16:11:29.878967-07:00,103.1426745
2022-06-30 16:11:29.960015-07:00,103.2160378
2022-06-30 16:11:29.961697-07:00,99.88936892
2022-06-30 16:11:30.039008-07:00,99.96266785
2022-06-30 16:11:30.185727-07:00,97.33593459
2022-06-30 16:11:30.186812-07:00,97.40916915
2022-06-30 16:11:30.187602-07:00,96.68237152
2022-06-30 16:11:30.309983-07:00,96.75554171
2022-06-30 16:11:30.310860-07:00,93.32867971
2022-06-30 16:11:30.320616-07:00,93.40178553
2022-06-30 16:11:30.360797-07:00,91.77485917
2022-06-30 16:11:30.440412-07:00,91.84790061
2022-06-30 16:11:30.478590-07:00,89.32090988
2022-06-30 16:11:30.519392-07:00,89.39388696
2022-06-30 16:11:30.559173-07:00,85.96683185
2022-06-30 16:11:30.600792-07:00,86.03974456
2022-06-30 16:11:30.778085-07:00,91.31262509
2022-06-30 16:11:30.779572-07:00,91.38547343
2022-06-30 16:11:30.780184-07:00,84.45828958
2022-06-30 16:11:30.800328-07:00,82.83107356
2022-06-30 16:11:30.919934-07:00,82.90382534
2022-06-30 16:11:30.920920-07:00,81.27654494
2022-06-30 16:11:30.958774-07:00,81.34923236
2022-06-30 16:11:31-07:00,82.22188759
2022-06-30 16:11:31.078915-07:00,82.29451064
2022-06-30 16:11:31.118841-07:00,79.7671015
2022-06-30 16:11:31.160706-07:00,79.83966018
2022-06-30 16:11:31.200760-07:00,77.31218667
2022-06-30 16:11:31.281138-07:00,77.38468098
2022-06-30 16:11:31.319003-07:00,83.5571431
2022-06-30 16:11:31.358778-07:00,83.62957304
2022-06-30 16:11:31.439810-07:00,77.60197079
2022-06-30 16:11:31.587201-07:00,77.67433636
2022-06-30 16:11:31.588104-07:00,79.54666974
2022-06-30 16:11:31.588737-07:00,79.61897094
2022-06-30 16:11:31.711719-07:00,77.09123995
2022-06-30 16:11:31.712556-07:00,77.16347678
2022-06-30 16:11:31.720089-07:00,72.03568143
2022-06-30 16:11:31.758891-07:00,72.10785389
2022-06-30 16:11:31.800510-07:00,68.67999416
2022-06-30 16:11:31.878878-07:00,68.75210225
2022-06-30 16:11:31.918941-07:00,69.72417816
2022-06-30 16:11:31.959017-07:00,69.79622188
2022-06-30 16:11:32.000771-07:00,70.66823341
2022-06-30 16:11:32.078786-07:00,71.64021276
2022-06-30 16:11:32.119395-07:00,71.71215993
2022-06-30 16:11:32.161597-07:00,70.88407491
2022-06-30 16:11:32.241724-07:00,70.95595771
2022-06-30 16:11:32.278782-07:00,70.22780832
2022-06-30 16:11:32.318807-07:00,70.29962674
2022-06-30 16:11:32.359169-07:00,70.37141299
2022-06-30 16:11:32.401468-07:00,70.44316704
2022-06-30 16:11:32.478796-07:00,65.31488892
2022-06-30 16:11:32.518874-07:00,65.3865786
2022-06-30 16:11:32.558871-07:00,66.35823611
2022-06-30 16:11:32.600749-07:00,66.42986142
2022-06-30 16:11:32.718410-07:00,62.10145456
2022-06-30 16:11:32.720014-07:00,62.1730155
2022-06-30 16:11:32.759119-07:00,65.74454427
2022-06-30 16:11:32.800717-07:00,65.81604085
2022-06-30 16:11:32.840722-07:00,64.18750524
2022-06-30 16:11:32.919096-07:00,64.25893745
2022-06-30 16:11:32.959012-07:00,65.13033747
2022-06-30 16:11:32.999494-07:00,65.20170531
2022-06-30 16:11:33.040729-07:00,68.77304097
2022-06-30 16:11:33.119003-07:00,68.84434444
2022-06-30 16:11:33.160868-07:00,63.71561572
2022-06-30 16:11:33.198802-07:00,63.78685482
2022-06-30 16:11:33.240710-07:00,61.25806174
2022-06-30 16:11:33.318921-07:00,65.62923647
2022-06-30 16:11:33.358654-07:00,65.70037901
2022-06-30 16:11:33.399045-07:00,60.57148938
2022-06-30 16:11:33.440482-07:00,60.64256755
2022-06-30 16:11:33.518958-07:00,57.31361354
2022-06-30 16:11:33.559625-07:00,57.38462735
2022-06-30 16:11:33.599125-07:00,62.65560897
2022-06-30 16:11:33.640771-07:00,62.72655841
2022-06-30 16:11:33.760376-07:00,56.69747566
2022-06-30 16:11:33.761541-07:00,56.76836073
2022-06-30 16:11:33.798689-07:00,56.83921361
2022-06-30 16:11:33.840754-07:00,56.91003431
2022-06-30 16:11:33.918848-07:00,60.48082282
2022-06-30 16:11:33.999881-07:00,60.55157915
2022-06-30 16:11:34.000699-07:00,54.52230329
2022-06-30 16:11:34.040714-07:00,54.59299525
2022-06-30 16:11:34.118898-07:00,55.56365502
2022-06-30 16:11:34.160837-07:00,55.63428261
2022-06-30 16:11:34.199017-07:00,54.80487802
2022-06-30 16:11:34.240920-07:00,54.87544124
2022-06-30 16:11:34.360049-07:00,56.74597227
2022-06-30 16:11:34.362735-07:00,56.81647112
2022-06-30 16:11:34.398933-07:00,59.38693779
2022-06-30 16:11:34.441665-07:00,59.45737227
2022-06-30 16:11:34.520738-07:00,57.82777456
2022-06-30 16:11:34.558920-07:00,56.19814467
2022-06-30 16:11:34.599040-07:00,56.2684826
2022-06-30 16:11:34.640647-07:00,57.23878834
2022-06-30 16:11:34.760226-07:00,57.30906189
2022-06-30 16:11:34.761358-07:00,53.87930327
2022-06-30 16:11:34.798990-07:00,53.94951245
2022-06-30 16:11:34.840969-07:00,51.41968945
2022-06-30 16:11:34.880511-07:00,51.48983427
2022-06-30 16:11:34.958930-07:00,53.2599469
2022-06-30 16:11:35.000643-07:00,53.33002735
2022-06-30 16:11:35.080988-07:00,56.90007561
2022-06-30 16:11:35.118874-07:00,56.97009169
2022-06-30 16:11:35.198385-07:00,52.74007558
2022-06-30 16:11:35.199836-07:00,52.81002729
2022-06-30 16:11:35.280627-07:00,52.87994681
2022-06-30 16:11:35.281097-07:00,52.94983415
2022-06-30 16:11:35.361199-07:00,49.51968931
2022-06-30 16:11:35.400307-07:00,49.58951227
2022-06-30 16:11:35.439252-07:00,49.65930306
2022-06-30 16:11:35.480803-07:00,49.72906166
2022-06-30 16:11:35.558910-07:00,54.99878807
2022-06-30 16:11:35.599584-07:00,55.0684823
2022-06-30 16:11:35.639039-07:00,54.23814435
2022-06-30 16:11:35.720430-07:00,54.30777421
2022-06-30 16:11:35.758929-07:00,44.97737188
2022-06-30 16:11:35.798903-07:00,48.44693737
2022-06-30 16:11:35.837968-07:00,48.51647068
2022-06-30 16:11:35.879446-07:00,46.8859718
2022-06-30 16:11:35.958240-07:00,46.95544073
2022-06-30 16:11:35.998533-07:00,48.72487749
2022-06-30 16:11:36.143911-07:00,48.79428205
2022-06-30 16:11:36.144819-07:00,51.46365443
2022-06-30 16:11:36.159657-07:00,51.53299463
2022-06-30 16:11:36.244482-07:00,52.50230264
2022-06-30 16:11:36.245342-07:00,52.57157847
2022-06-30 16:11:36.280555-07:00,49.14082211
2022-06-30 16:11:36.358952-07:00,49.21003357
2022-06-30 16:11:36.400202-07:00,59.67921284
2022-06-30 16:11:36.439103-07:00,59.74835993
2022-06-30 16:11:36.480641-07:00,52.01747483
2022-06-30 16:11:36.558940-07:00,52.08655755
2022-06-30 16:11:36.598809-07:00,46.95560809
2022-06-30 16:11:36.639316-07:00,47.02462643
2022-06-30 16:11:36.679983-07:00,48.7936126
2022-06-30 16:11:36.759835-07:00,48.86256658
2022-06-30 16:11:36.798885-07:00,49.83148837
2022-06-30 16:11:36.837904-07:00,49.90037798
2022-06-30 16:11:36.880666-07:00,49.06923541
2022-06-30 16:11:36.959910-07:00,49.13806065
2022-06-30 16:11:37.000808-07:00,44.9068537
2022-06-30 16:11:37.040323-07:00,44.97561457
2022-06-30 16:11:37.079889-07:00,45.04434326
2022-06-30 16:11:37.202677-07:00,47.71303976
2022-06-30 16:11:37.203953-07:00,47.78170407
2022-06-30 16:11:37.351312-07:00,49.5503362
2022-06-30 16:11:37.352243-07:00,49.61893615
2022-06-30 16:11:37.369791-07:00,47.98750391
2022-06-30 16:11:37.475723-07:00,48.05603949
2022-06-30 16:11:37.476665-07:00,43.82454288
2022-06-30 16:11:37.480699-07:00,43.89301409
2022-06-30 16:11:37.599626-07:00,46.56145311
2022-06-30 16:11:37.601431-07:00,46.62985995
2022-06-30 16:11:37.639875-07:00,46.6982346
2022-06-30 16:11:37.720795-07:00,46.76657707
2022-06-30 16:11:37.759390-07:00,46.83488735
2022-06-30 16:11:37.799247-07:00,46.90316545
2022-06-30 16:11:37.840486-07:00,49.57141136
2022-06-30 16:11:37.879883-07:00,49.63962509
2022-06-30 16:11:37.959344-07:00,51.40780663
2022-06-30 16:11:37.998764-07:00,51.47595599
2022-06-30 16:11:38.038898-07:00,42.04407317
2022-06-30 16:11:38.080626-07:00,42.11215816
2022-06-30 16:11:38.120628-07:00,44.78021096
2022-06-30 16:11:38.198156-07:00,44.84823158
2022-06-30 16:11:38.238779-07:00,42.31622002
2022-06-30 16:11:38.278924-07:00,39.78417627
2022-06-30 16:11:38.321357-07:00,39.85210033
2022-06-30 16:11:38.399268-07:00,64.11999221
2022-06-30 16:11:38.438807-07:00,64.18785191
2022-06-30 16:11:38.478019-07:00,340.2556794
2022-06-30 16:11:38.520567-07:00,340.3234747
2022-06-30 16:11:38.640105-07:00,303.5912379
2022-06-30 16:11:38.640945-07:00,303.6589688
2022-06-30 16:11:38.679849-07:00,195.3266676
2022-06-30 16:11:38.720674-07:00,195.3943342
2022-06-30 16:11:38.799566-07:00,129.7619686
2022-06-30 16:11:38.838721-07:00,129.8295708
2022-06-30 16:11:38.880808-07:00,107.1971409
2022-06-30 16:11:38.921010-07:00,107.2646787
2022-06-30 16:11:38.999907-07:00,101.3321844
2022-06-30 16:11:39.038800-07:00,101.3996578
2022-06-30 16:11:39.118273-07:00,87.56709914
2022-06-30 16:11:39.119679-07:00,87.63450824
2022-06-30 16:11:39.198106-07:00,77.30188517
2022-06-30 16:11:39.238442-07:00,77.36922991
2022-06-30 16:11:39.318180-07:00,73.93654246
2022-06-30 16:11:39.319746-07:00,74.00382283
2022-06-30 16:11:39.401365-07:00,69.77107101
2022-06-30 16:11:39.439320-07:00,69.83828701
2022-06-30 16:11:39.478922-07:00,68.20547083
2022-06-30 16:11:39.520586-07:00,58.77262246
2022-06-30 16:11:39.669549-07:00,58.8397419
2022-06-30 16:11:39.670329-07:00,58.90682917
2022-06-30 16:11:39.682844-07:00,58.97388424
2022-06-30 16:11:39.821063-07:00,57.34090713
2022-06-30 16:11:39.821906-07:00,57.40789784
2022-06-30 16:11:39.839046-07:00,54.87485636
2022-06-30 16:11:39.919883-07:00,54.9417827
2022-06-30 16:11:39.920712-07:00,52.40867685
2022-06-30 16:11:39.998718-07:00,52.47553881
2022-06-30 16:11:40.038939-07:00,47.3423686
2022-06-30 16:11:40.078854-07:00,47.40916619
2022-06-30 16:11:40.121032-07:00,48.37593161
2022-06-30 16:11:40.198896-07:00,48.44266483
2022-06-30 16:11:40.238182-07:00,50.20936588
2022-06-30 16:11:40.278931-07:00,50.27603473
2022-06-30 16:11:40.319243-07:00,43.44267141
2022-06-30 16:11:40.403105-07:00,43.5092759
2022-06-30 16:11:40.438789-07:00,41.8758482
2022-06-30 16:11:40.478634-07:00,41.94238832
2022-06-30 16:11:40.519778-07:00,38.50889625
2022-06-30 16:11:40.600432-07:00,38.575372
2022-06-30 16:11:40.638600-07:00,40.44181557
2022-06-30 16:11:40.678666-07:00,40.50822695
2022-06-30 16:11:40.720451-07:00,35.37460614
2022-06-30 16:11:40.798825-07:00,38.84095315
2022-06-30 16:11:40.838752-07:00,38.90726798
2022-06-30 16:11:40.879534-07:00,34.67355062
2022-06-30 16:11:40.918264-07:00,34.73980107
2022-06-30 16:11:40.960638-07:00,33.10601934
2022-06-30 16:11:41.038440-07:00,33.17220543
2022-06-30 16:11:41.078120-07:00,33.23835933
2022-06-30 16:11:41.120143-07:00,33.30448105
2022-06-30 16:11:41.199946-07:00,34.27057058
2022-06-30 16:11:41.239977-07:00,34.33662792
2022-06-30 16:11:41.281610-07:00,30.10265309
2022-06-30 16:11:41.320455-07:00,30.16864606
2022-06-30 16:11:41.359814-07:00,31.13460686
2022-06-30 16:11:41.438740-07:00,31.20053546
2022-06-30 16:11:41.520668-07:00,32.96643189
2022-06-30 16:11:41.521562-07:00,33.03229612
2022-06-30 16:11:41.572946-07:00,29.59812818
2022-06-30 16:11:41.685045-07:00,29.66392805
2022-06-30 16:11:41.686398-07:00,31.52969573
2022-06-30 16:11:41.816289-07:00,31.59543123
2022-06-30 16:11:41.817188-07:00,27.36113454
2022-06-30 16:11:41.840760-07:00,27.42680567
2022-06-30 16:11:41.880836-07:00,18.89244461
2022-06-30 16:11:41.917861-07:00,18.95805137
2022-06-30 16:11:41.959123-07:00,28.42362595
2022-06-30 16:11:42.038756-07:00,25.88916834
2022-06-30 16:11:42.078951-07:00,25.95467854
2022-06-30 16:11:42.118576-07:00,25.22015656
2022-06-30 16:11:42.160650-07:00,25.2856024
2022-06-30 16:11:42.240699-07:00,25.35101605
2022-06-30 16:11:42.279512-07:00,25.41639752
2022-06-30 16:11:42.318584-07:00,25.4817468
2022-06-30 16:11:42.360494-07:00,25.54706389
2022-06-30 16:11:42.441143-07:00,25.6123488
2022-06-30 16:11:42.479734-07:00,25.67760153
2022-06-30 16:11:42.520420-07:00,22.34282207
2022-06-30 16:11:42.599792-07:00,22.40801043
2022-06-30 16:11:42.638941-07:00,20.6731666
2022-06-30 16:11:42.678464-07:00,20.73829059
2022-06-30 16:11:42.760353-07:00,22.60338239
2022-06-30 16:11:42.761170-07:00,22.66844201
2022-06-30 16:11:42.838855-07:00,29.53346944
2022-06-30 16:11:42.879484-07:00,29.59846469
2022-06-30 16:11:42.918586-07:00,19.36342776
2022-06-30 16:11:42.960610-07:00,19.42835863
2022-06-30 16:11:43.000461-07:00,18.69325733
2022-06-30 16:11:43.080616-07:00,18.75812384
2022-06-30 16:11:43.120476-07:00,21.32295816
2022-06-30 16:11:43.159958-07:00,21.3877603
2022-06-30 16:11:43.200468-07:00,24.05253025
2022-06-30 16:11:43.278596-07:00,21.51726802
2022-06-30 16:11:43.318537-07:00,21.58197361
2022-06-30 16:11:43.399201-07:00,14.84664701
2022-06-30 16:11:43.400404-07:00,14.91128822
2022-06-30 16:11:43.519762-07:00,15.77589726
2022-06-30 16:11:43.520635-07:00,15.8404741
2022-06-30 16:11:43.558521-07:00,16.80501876
2022-06-30 16:11:43.599006-07:00,16.86953124
2022-06-30 16:11:43.678630-07:00,12.63401153
2022-06-30 16:11:43.719883-07:00,12.69845964
2022-06-30 16:11:43.758554-07:00,16.16287556
2022-06-30 16:11:43.799663-07:00,16.22725929
2022-06-30 16:11:43.878610-07:00,18.09161085
2022-06-30 16:11:43.918592-07:00,18.15593021
2022-06-30 16:11:43.959275-07:00,15.6202174
2022-06-30 16:11:44.000506-07:00,15.68447239
2022-06-30 16:11:44.078591-07:00,20.84869521
2022-06-30 16:11:44.118602-07:00,20.91288584
2022-06-30 16:11:44.239938-07:00,16.67704428
2022-06-30 16:11:44.241785-07:00,16.74117054
2022-06-30 16:11:44.359857-07:00,13.40526461
2022-06-30 16:11:44.360895-07:00,13.4693265
2022-06-30 16:11:44.361579-07:00,15.2333562
2022-06-30 16:11:44.400483-07:00,15.29735372
2022-06-30 16:11:44.478671-07:00,15.36131906
2022-06-30 16:11:44.517971-07:00,8.625252208
2022-06-30 16:11:44.599529-07:00,8.689153173
2022-06-30 16:11:44.601233-07:00,18.15302195
2022-06-30 16:11:44.678593-07:00,18.21685855
2022-06-30 16:11:44.718588-07:00,16.58066296
2022-06-30 16:11:44.758647-07:00,16.64443518
2022-06-30 16:11:44.840104-07:00,13.30817522
2022-06-30 16:11:44.879186-07:00,13.37188308
2022-06-30 16:11:44.918616-07:00,12.53555875
2022-06-30 16:11:44.999482-07:00,12.59920224
2022-06-30 16:11:45.000334-07:00,10.96281354
2022-06-30 16:11:45.078730-07:00,11.02639266
2022-06-30 16:11:45.118576-07:00,9.389939589
2022-06-30 16:11:45.200234-07:00,9.453454337
2022-06-30 16:11:45.201110-07:00,11.2169369
2022-06-30 16:11:45.278544-07:00,11.28038728
2022-06-30 16:11:45.318536-07:00,9.643805469
2022-06-30 16:11:45.358984-07:00,9.707191477
2022-06-30 16:11:45.439516-07:00,13.1705453
2022-06-30 16:11:45.440546-07:00,13.23386694
2022-06-30 16:11:45.518600-07:00,12.39715639
2022-06-30 16:11:45.558475-07:00,12.46041366
2022-06-30 16:11:45.600607-07:00,8.323638745
2022-06-30 16:11:45.640547-07:00,8.386831645
2022-06-30 16:11:45.718593-07:00,12.64999236
2022-06-30 16:11:45.758743-07:00,10.21312089
2022-06-30 16:11:45.840016-07:00,10.27621723
2022-06-30 16:11:45.841475-07:00,9.439281393
2022-06-30 16:11:45.918547-07:00,9.502313369
2022-06-30 16:11:45.958472-07:00,8.765313159
2022-06-30 16:11:46.040532-07:00,8.828280765
2022-06-30 16:11:46.042150-07:00,7.991216185
2022-06-30 16:11:46.170832-07:00,8.054119421
2022-06-30 16:11:46.172181-07:00,10.71699047
2022-06-30 16:11:46.295413-07:00,10.77982934
2022-06-30 16:11:46.296208-07:00,12.54263602
2022-06-30 16:11:46.321291-07:00,12.60541052
2022-06-30 16:11:46.359792-07:00,15.26815283
2022-06-30 16:11:46.398452-07:00,15.33086296
2022-06-30 16:11:46.479446-07:00,8.493540898
2022-06-30 16:11:46.517931-07:00,8.556186656
2022-06-30 16:11:46.558507-07:00,6.118800229
2022-06-30 16:11:46.598536-07:00,6.181381617
2022-06-30 16:11:46.679664-07:00,2.74393082
2022-06-30 16:11:46.718705-07:00,2.806447838
2022-06-30 16:11:46.758517-07:00,2.868932672
2022-06-30 16:11:46.798421-07:00,2.93138532
2022-06-30 16:11:46.838912-07:00,10.69380578
2022-06-30 16:11:46.919705-07:00,10.75619406
2022-06-30 16:11:46.958633-07:00,8.318550158
2022-06-30 16:11:47.000239-07:00,10.08087407
2022-06-30 16:11:47.038910-07:00,10.14316579
2022-06-30 16:11:47.118561-07:00,6.805425332
2022-06-30 16:11:47.158543-07:00,6.867652687
2022-06-30 16:11:47.198573-07:00,12.82984786
2022-06-30 16:11:47.240303-07:00,12.89201084
2022-06-30 16:11:47.370246-07:00,7.054141643
2022-06-30 16:11:47.371052-07:00,7.116240259
2022-06-30 16:11:47.493818-07:00,7.17830669
2022-06-30 16:11:47.494628-07:00,7.240340936
2022-06-30 16:11:47.520720-07:00,9.802342998
2022-06-30 16:11:47.560130-07:00,9.864312874
2022-06-30 16:11:47.598486-07:00,8.226250566
2022-06-30 16:11:47.640411-07:00,8.288156073
2022-06-30 16:11:47.718556-07:00,5.750029396
2022-06-30 16:11:47.757957-07:00,5.811870533
2022-06-30 16:11:47.799556-07:00,5.873679486
2022-06-30 16:11:47.922600-07:00,5.935456253
2022-06-30 16:11:47.923794-07:00,4.297200836
2022-06-30 16:11:47.958544-07:00,4.358913235
2022-06-30 16:11:47.997681-07:00,7.020593448
2022-06-30 16:11:48.040431-07:00,7.082241477
2022-06-30 16:11:48.118613-07:00,6.24385732
2022-06-30 16:11:48.159944-07:00,6.305440979
2022-06-30 16:11:48.198498-07:00,6.366992454
2022-06-30 16:11:48.239346-07:00,3.028511743
2022-06-30 16:11:48.318498-07:00,3.089998848
2022-06-30 16:11:48.399703-07:00,9.151453767
2022-06-30 16:11:48.400706-07:00,9.212876502
2022-06-30 16:11:48.440667-07:00,7.574267053
2022-06-30 16:11:48.519682-07:00,7.635625418
2022-06-30 16:11:48.558547-07:00,-0.003048402
2022-06-30 16:11:48.598389-07:00,0.058245594
2022-06-30 16:11:48.640441-07:00,263.1195074
2022-06-30 16:11:48.681856-07:00,263.180737
2022-06-30 16:11:48.758606-07:00,349.9419345
2022-06-30 16:11:48.799595-07:00,350.0030997
2022-06-30 16:11:48.838454-07:00,211.1642328
2022-06-30 16:11:48.880409-07:00,211.2253337
2022-06-30 16:11:48.959048-07:00,160.3864024
2022-06-30 16:11:49.043535-07:00,160.4474389
2022-06-30 16:11:49.044712-07:00,140.4084432
2022-06-30 16:11:49.079630-07:00,140.4694154
2022-06-30 16:11:49.159073-07:00,123.0303554
2022-06-30 16:11:49.197942-07:00,123.0912631
2022-06-30 16:11:49.238409-07:00,117.1521387
2022-06-30 16:11:49.372435-07:00,117.2129821
2022-06-30 16:11:49.373301-07:00,105.9737934
2022-06-30 16:11:49.496366-07:00,106.0345724
2022-06-30 16:11:49.497375-07:00,106.0953192
2022-06-30 16:11:49.498182-07:00,98.35603392
2022-06-30 16:11:49.559900-07:00,98.4167164
2022-06-30 16:11:49.598493-07:00,94.9773667
2022-06-30 16:11:49.637622-07:00,95.03798482
2022-06-30 16:11:49.680475-07:00,92.49857075
2022-06-30 16:11:49.758636-07:00,92.55912449
2022-06-30 16:11:49.798243-07:00,86.61964605
2022-06-30 16:11:49.838649-07:00,86.68013543
2022-06-30 16:11:49.880442-07:00,82.34059262
2022-06-30 16:11:49.958468-07:00,82.40101762
2022-06-30 16:11:49.998547-07:00,81.66141045
2022-06-30 16:11:50.038949-07:00,81.72177108
2022-06-30 16:11:50.080464-07:00,72.28209953
2022-06-30 16:11:50.158635-07:00,72.3423958
2022-06-30 16:11:50.198583-07:00,79.30265988
2022-06-30 16:11:50.279129-07:00,79.36289178
2022-06-30 16:11:50.279762-07:00,69.02309149
2022-06-30 16:11:50.359642-07:00,69.08325902
2022-06-30 16:11:50.399557-07:00,72.64339436
2022-06-30 16:11:50.440721-07:00,72.70349752
2022-06-30 16:11:50.518643-07:00,68.46356849
2022-06-30 16:11:50.645269-07:00,68.52360728
2022-06-30 16:11:50.646373-07:00,65.98361389
2022-06-30 16:11:50.647883-07:00,66.0435883
2022-06-30 16:11:50.679553-07:00,71.30353054
2022-06-30 16:11:50.719524-07:00,60.96344059
2022-06-30 16:11:50.797853-07:00,61.02331845
2022-06-30 16:11:50.837616-07:00,65.38316413
2022-06-30 16:11:50.878851-07:00,65.44297763
2022-06-30 16:11:50.918863-07:00,68.10275894
2022-06-30 16:11:50.997878-07:00,68.16250806
2022-06-30 16:11:51.037616-07:00,60.422225
2022-06-30 16:11:51.078825-07:00,60.48190976
2022-06-30 16:11:51.118952-07:00,59.74156233
2022-06-30 16:11:51.197865-07:00,59.80118271
2022-06-30 16:11:51.239046-07:00,58.16077092
2022-06-30 16:11:51.280119-07:00,58.22032693
2022-06-30 16:11:51.320549-07:00,59.97985076
2022-06-30 16:11:51.398436-07:00,60.03934241
2022-06-30 16:11:51.438477-07:00,56.59880187
2022-06-30 16:11:51.478361-07:00,56.65822915
2022-06-30 16:11:51.520460-07:00,55.91762424
2022-06-30 16:11:51.600410-07:00,55.97698715
2022-06-30 16:11:51.638475-07:00,56.83631787
2022-06-30 16:11:51.678362-07:00,56.89561641
2022-06-30 16:11:51.720335-07:00,56.15488276
2022-06-30 16:11:51.797785-07:00,56.21411693
2022-06-30 16:11:51.837924-07:00,54.57331891
2022-06-30 16:11:51.919247-07:00,54.63248871
2022-06-30 16:11:51.920404-07:00,55.49162633
2022-06-30 16:11:51.999017-07:00,53.85073176
2022-06-30 16:11:52.038404-07:00,53.909805
2022-06-30 16:11:52.078630-07:00,54.86884606
2022-06-30 16:11:52.120493-07:00,54.92785493
2022-06-30 16:11:52.197794-07:00,54.98683162
2022-06-30 16:11:52.239832-07:00,55.04577613
2022-06-30 16:11:52.278318-07:00,55.10468845
2022-06-30 16:11:52.359401-07:00,55.16356859
2022-06-30 16:11:52.398262-07:00,44.02241654
2022-06-30 16:11:52.438912-07:00,44.0812323
2022-06-30 16:11:52.478549-07:00,50.14001588
2022-06-30 16:11:52.520442-07:00,50.19876728
2022-06-30 16:11:52.598225-07:00,49.35748649
2022-06-30 16:11:52.638293-07:00,49.41617352
2022-06-30 16:11:52.678214-07:00,50.37482836
2022-06-30 16:11:52.720041-07:00,50.43345102
2022-06-30 16:11:52.798176-07:00,47.09204149
2022-06-30 16:11:52.838707-07:00,47.15059978
2022-06-30 16:11:52.878731-07:00,47.20912588
2022-06-30 16:11:52.959471-07:00,47.2676198
2022-06-30 16:11:52.961100-07:00,43.02608153
2022-06-30 16:11:53.038251-07:00,43.08451108
2022-06-30 16:11:53.078523-07:00,47.44290844
2022-06-30 16:11:53.118633-07:00,47.50127362
2022-06-30 16:11:53.238239-07:00,48.35960661
2022-06-30 16:11:53.240810-07:00,45.01790742
2022-06-30 16:11:53.278180-07:00,45.07617605
2022-06-30 16:11:53.320868-07:00,46.03441249
2022-06-30 16:11:53.360129-07:00,46.09261674
2022-06-30 16:11:53.438280-07:00,41.85078881
2022-06-30 16:11:53.478191-07:00,41.9089287
2022-06-30 16:11:53.520159-07:00,43.6670364
2022-06-30 16:11:53.559288-07:00,43.72511191
2022-06-30 16:11:53.638373-07:00,41.18315524
2022-06-30 16:11:53.678814-07:00,41.24116639
2022-06-30 16:11:53.720252-07:00,43.89914535
2022-06-30 16:11:53.760455-07:00,43.95709212
2022-06-30 16:11:53.839119-07:00,40.51500672
2022-06-30 16:11:53.879217-07:00,40.57288912
2022-06-30 16:11:53.918406-07:00,44.13073934
2022-06-30 16:11:53.960389-07:00,44.18855738
2022-06-30 16:11:54.038393-07:00,40.74634323
2022-06-30 16:11:54.078632-07:00,40.8040969
2022-06-30 16:11:54.118314-07:00,43.46181838
2022-06-30 16:11:54.159497-07:00,43.51950768
2022-06-30 16:11:54.238564-07:00,36.77716479
2022-06-30 16:11:54.278491-07:00,36.83478972
2022-06-30 16:11:54.318294-07:00,45.39238246
2022-06-30 16:11:54.360220-07:00,45.44994302
2022-06-30 16:11:54.438323-07:00,36.1074714
2022-06-30 16:11:54.479235-07:00,40.46496759
2022-06-30 16:11:54.518326-07:00,40.52243159
2022-06-30 16:11:54.559808-07:00,44.87986341
2022-06-30 16:11:54.637980-07:00,44.93726304
2022-06-30 16:11:54.677680-07:00,35.49463049
2022-06-30 16:11:54.717620-07:00,35.55196576
2022-06-30 16:11:54.758859-07:00,34.80926884
2022-06-30 16:11:54.837679-07:00,34.86653973
2022-06-30 16:11:54.878092-07:00,37.52377844
2022-06-30 16:11:54.917587-07:00,37.58098497
2022-06-30 16:11:54.960247-07:00,38.43815931
2022-06-30 16:11:55.039643-07:00,38.49530147
2022-06-30 16:11:55.078371-07:00,41.95241144
2022-06-30 16:11:55.118358-07:00,42.00948922
2022-06-30 16:11:55.160276-07:00,39.56653483
2022-06-30 16:11:55.238151-07:00,39.62354824
2022-06-30 16:11:55.318413-07:00,33.68052947
2022-06-30 16:11:55.359328-07:00,33.73747852
2022-06-30 16:11:55.361016-07:00,31.19439538
2022-06-30 16:11:55.438487-07:00,31.25128006
2022-06-30 16:11:55.478457-07:00,35.60813255
2022-06-30 16:11:55.518322-07:00,35.66495286
2022-06-30 16:11:55.560206-07:00,34.82174099
2022-06-30 16:11:55.639260-07:00,34.87849692
2022-06-30 16:11:55.677794-07:00,34.93522068
2022-06-30 16:11:55.718358-07:00,34.99191225
2022-06-30 16:11:55.759763-07:00,35.04857163
2022-06-30 16:11:55.838464-07:00,36.80519883
2022-06-30 16:11:55.878415-07:00,36.86179384
2022-06-30 16:11:55.918311-07:00,37.81835667
2022-06-30 16:11:55.960212-07:00,37.87488732
2022-06-30 16:11:56.038424-07:00,36.23138578
2022-06-30 16:11:56.169996-07:00,36.28785205
2022-06-30 16:11:56.171674-07:00,34.64428614
2022-06-30 16:11:56.297151-07:00,34.70068805
2022-06-30 16:11:56.298087-07:00,39.05705777
2022-06-30 16:11:56.298922-07:00,39.11339531
2022-06-30 16:11:56.320902-07:00,31.36970066
2022-06-30 16:11:56.361166-07:00,31.42597382
2022-06-30 16:11:56.400609-07:00,35.78221481
2022-06-30 16:11:56.478344-07:00,35.8384236
2022-06-30 16:11:56.518308-07:00,30.79460021
2022-06-30 16:11:56.558277-07:00,30.85074464
2022-06-30 16:11:56.599416-07:00,32.60685688
2022-06-30 16:11:56.679913-07:00,32.66293694
2022-06-30 16:11:56.718366-07:00,30.11898481
2022-06-30 16:11:56.758272-07:00,30.1750005
2022-06-30 16:11:56.799309-07:00,34.53098401
2022-06-30 16:11:56.878334-07:00,31.98693532
2022-06-30 16:11:56.918558-07:00,32.04285446
2022-06-30 16:11:56.958430-07:00,29.59874141
2022-06-30 16:11:57.000618-07:00,29.65459617
2022-06-30 16:11:57.078979-07:00,32.21041875
2022-06-30 16:11:57.118330-07:00,32.26620914
2022-06-30 16:11:57.158663-07:00,30.62196735
2022-06-30 16:11:57.200201-07:00,30.67769338
2022-06-30 16:11:57.368646-07:00,31.63338722
2022-06-30 16:11:57.369737-07:00,31.68904887
2022-06-30 16:11:57.370586-07:00,29.14467834
2022-06-30 16:11:57.499456-07:00,29.20027563
2022-06-30 16:11:57.520073-07:00,27.55584073
2022-06-30 16:11:57.521069-07:00,27.61137364
2022-06-30 16:11:57.560004-07:00,25.06687438
2022-06-30 16:11:57.600232-07:00,25.12234292
2022-06-30 16:11:57.679481-07:00,33.77777928
2022-06-30 16:11:57.718269-07:00,33.83318346
2022-06-30 16:11:57.758262-07:00,28.78855545
2022-06-30 16:11:57.798648-07:00,28.84389526
2022-06-30 16:11:57.878377-07:00,27.09920288
2022-06-30 16:11:57.918465-07:00,27.15447832
2022-06-30 16:11:57.958412-07:00,31.50972157
2022-06-30 16:11:58.000234-07:00,31.56493264
2022-06-30 16:11:58.078331-07:00,26.52011152
2022-06-30 16:11:58.120743-07:00,34.27525822
2022-06-30 16:11:58.159929-07:00,34.33037273
2022-06-30 16:11:58.199980-07:00,36.08545506
2022-06-30 16:11:58.278131-07:00,36.14050521
2022-06-30 16:11:58.318142-07:00,26.79552316
2022-06-30 16:11:58.398765-07:00,26.85050894
2022-06-30 16:11:58.400525-07:00,26.90546253
2022-06-30 16:11:58.478197-07:00,26.96038393
2022-06-30 16:11:58.518764-07:00,31.31527315
2022-06-30 16:11:58.558215-07:00,31.37013019
2022-06-30 16:11:58.600203-07:00,275.624955
2022-06-30 16:11:58.678280-07:00,275.6797477
2022-06-30 16:11:58.718379-07:00,329.2345082
2022-06-30 16:11:58.758185-07:00,329.2892365
2022-06-30 16:11:58.800177-07:00,198.9439326
2022-06-30 16:11:58.878270-07:00,198.9985965
2022-06-30 16:11:58.918297-07:00,150.0532283
2022-06-30 16:11:58.957432-07:00,150.1078278
2022-06-30 16:11:59.000252-07:00,132.7623952
2022-06-30 16:11:59.041682-07:00,132.8169304
2022-06-30 16:11:59.118297-07:00,116.3714334
2022-06-30 16:11:59.158220-07:00,116.4259042
2022-06-30 16:11:59.198384-07:00,105.1803428
2022-06-30 16:11:59.238665-07:00,105.2347493
2022-06-30 16:11:59.318084-07:00,97.58912354
2022-06-30 16:11:59.360334-07:00,89.84346561
2022-06-30 16:11:59.400212-07:00,89.89777551
2022-06-30 16:11:59.440109-07:00,85.65205322
2022-06-30 16:11:59.518326-07:00,85.70629874
2022-06-30 16:11:59.661898-07:00,87.46051208
2022-06-30 16:11:59.670730-07:00,87.51469323
2022-06-30 16:11:59.671723-07:00,80.6688422
2022-06-30 16:11:59.800058-07:00,80.72295899
2022-06-30 16:11:59.801272-07:00,79.07704359
2022-06-30 16:11:59.802139-07:00,79.131096
2022-06-30 16:11:59.879793-07:00,76.58511623
2022-06-30 16:11:59.918473-07:00,76.63910428
2022-06-30 16:11:59.958766-07:00,74.99306014
2022-06-30 16:11:59.998191-07:00,75.04698381
2022-06-30 16:12:00.038776-07:00,69.0008753
2022-06-30 16:12:00.118030-07:00,69.05473461
2022-06-30 16:12:00.157685-07:00,67.40856173
2022-06-30 16:12:00.198148-07:00,67.46235667
2022-06-30 16:12:00.239305-07:00,70.91611942
2022-06-30 16:12:00.318284-07:00,70.96984999
2022-06-30 16:12:00.358264-07:00,65.02354837
2022-06-30 16:12:00.400034-07:00,65.07721456
2022-06-30 16:12:00.440133-07:00,67.73084858
2022-06-30 16:12:00.518388-07:00,67.7844504
2022-06-30 16:12:00.559023-07:00,61.83802005
2022-06-30 16:12:00.597357-07:00,60.19155751
2022-06-30 16:12:00.640151-07:00,60.24506278
2022-06-30 16:12:00.718260-07:00,64.59853587
2022-06-30 16:12:00.758266-07:00,64.65197677
2022-06-30 16:12:00.797816-07:00,58.60538549
2022-06-30 16:12:00.840251-07:00,58.65876202
2022-06-30 16:12:00.959508-07:00,55.31210637
2022-06-30 16:12:00.960712-07:00,55.36541854
2022-06-30 16:12:00.998621-07:00,53.71869852
2022-06-30 16:12:01.040209-07:00,53.77194631
2022-06-30 16:12:01.118812-07:00,50.42516192
2022-06-30 16:12:01.159032-07:00,50.47834535
2022-06-30 16:12:01.198150-07:00,53.93149659
2022-06-30 16:12:01.240158-07:00,53.98461564
2022-06-30 16:12:01.318334-07:00,53.13770251
2022-06-30 16:12:01.360329-07:00,53.1907572
2022-06-30 16:12:01.400079-07:00,51.5437797
2022-06-30 16:12:01.440207-07:00,51.59677002
2022-06-30 16:12:01.517652-07:00,50.84972815
2022-06-30 16:12:01.558253-07:00,50.90265409
2022-06-30 16:12:01.598166-07:00,47.45554786
2022-06-30 16:12:01.639631-07:00,47.50840943
2022-06-30 16:12:01.680163-07:00,51.06123883
2022-06-30 16:12:01.758284-07:00,51.11403603
2022-06-30 16:12:01.798231-07:00,43.36680106
2022-06-30 16:12:01.838160-07:00,51.21953389
2022-06-30 16:12:01.879688-07:00,51.27223455
2022-06-30 16:12:01.958322-07:00,46.12490302
2022-06-30 16:12:01.999097-07:00,46.1775393
2022-06-30 16:12:02.038180-07:00,44.5301434
2022-06-30 16:12:02.080101-07:00,44.58271531
2022-06-30 16:12:02.158218-07:00,43.73525504
2022-06-30 16:12:02.198160-07:00,43.78776259
2022-06-30 16:12:02.240334-07:00,43.04023794
2022-06-30 16:12:02.318053-07:00,43.09268112
2022-06-30 16:12:02.361127-07:00,43.14509211
2022-06-30 16:12:02.400014-07:00,43.19747091
2022-06-30 16:12:02.437273-07:00,44.04981753
2022-06-30 16:12:02.480135-07:00,44.10213197
2022-06-30 16:12:02.560250-07:00,39.95441422
2022-06-30 16:12:02.600017-07:00,40.00666429
2022-06-30 16:12:02.637979-07:00,42.55888217
2022-06-30 16:12:02.718251-07:00,42.61106786
2022-06-30 16:12:02.758239-07:00,38.36322138
2022-06-30 16:12:02.798224-07:00,38.4153427
2022-06-30 16:12:02.838417-07:00,42.76743184
2022-06-30 16:12:02.879300-07:00,42.8194888
2022-06-30 16:12:02.957597-07:00,35.17151357
2022-06-30 16:12:02.998433-07:00,36.12350616
2022-06-30 16:12:03.038141-07:00,36.17546656
2022-06-30 16:12:03.079402-07:00,37.02739478
2022-06-30 16:12:03.159414-07:00,37.07929081
2022-06-30 16:12:03.198215-07:00,33.73115466
2022-06-30 16:12:03.238083-07:00,33.78298633
2022-06-30 16:12:03.280044-07:00,37.2347858
2022-06-30 16:12:03.357585-07:00,37.2865531
2022-06-30 16:12:03.398161-07:00,38.23828821
2022-06-30 16:12:03.438420-07:00,38.28999113
2022-06-30 16:12:03.481522-07:00,32.34166187
2022-06-30 16:12:03.558188-07:00,32.39330042
2022-06-30 16:12:03.598332-07:00,41.84490679
2022-06-30 16:12:03.638129-07:00,41.89648098
2022-06-30 16:12:03.680156-07:00,40.24802298
2022-06-30 16:12:03.720231-07:00,40.2995328
2022-06-30 16:12:03.800197-07:00,40.35101043
2022-06-30 16:12:03.838083-07:00,40.40245587
2022-06-30 16:12:03.879946-07:00,32.75386913
2022-06-30 16:12:03.920063-07:00,32.80525021
2022-06-30 16:12:03.998311-07:00,40.5565991
2022-06-30 16:12:04.038784-07:00,40.60791581
2022-06-30 16:12:04.078585-07:00,34.65920033
2022-06-30 16:12:04.120140-07:00,34.71045267
2022-06-30 16:12:04.198155-07:00,33.86167282
2022-06-30 16:12:04.238744-07:00,33.91286078
2022-06-30 16:12:04.320384-07:00,33.96401657
2022-06-30 16:12:04.321374-07:00,36.61514016
2022-06-30 16:12:04.399939-07:00,36.66623158
2022-06-30 16:12:04.438109-07:00,29.91729081
2022-06-30 16:12:04.477882-07:00,29.96831785
2022-06-30 16:12:04.519846-07:00,29.11931271
2022-06-30 16:12:04.598170-07:00,29.17027538
2022-06-30 16:12:04.638361-07:00,29.22120587
2022-06-30 16:12:04.678480-07:00,29.27210417
2022-06-30 16:12:04.720113-07:00,26.82297029
2022-06-30 16:12:04.798195-07:00,26.87380423
2022-06-30 16:12:04.838354-07:00,29.42460598
2022-06-30 16:12:04.878059-07:00,29.47537554
2022-06-30 16:12:04.919962-07:00,31.22611292
2022-06-30 16:12:04.997589-07:00,31.27681812
2022-06-30 16:12:05.038343-07:00,31.32749113
2022-06-30 16:12:05.078145-07:00,31.37813195
2022-06-30 16:12:05.120000-07:00,28.9287406
2022-06-30 16:12:05.198950-07:00,28.97931705
2022-06-30 16:12:05.238367-07:00,31.52986132
2022-06-30 16:12:05.278064-07:00,31.58037341
2022-06-30 16:12:05.318433-07:00,30.83085331
2022-06-30 16:12:05.398251-07:00,30.88130103
2022-06-30 16:12:05.438153-07:00,30.93171656
2022-06-30 16:12:05.478093-07:00,26.68209991
2022-06-30 16:12:05.519486-07:00,26.73245107
2022-06-30 16:12:05.598176-07:00,25.88277005
2022-06-30 16:12:05.679030-07:00,25.93305684
2022-06-30 16:12:05.680073-07:00,24.28331145
2022-06-30 16:12:05.719203-07:00,24.33353387
2022-06-30 16:12:05.798717-07:00,28.68372411
2022-06-30 16:12:05.837859-07:00,28.73388216
2022-06-30 16:12:05.877280-07:00,35.58400803
2022-06-30 16:12:05.918544-07:00,35.63410172
2022-06-30 16:12:05.997442-07:00,21.18416321
2022-06-30 16:12:06.037567-07:00,21.23419253
2022-06-30 16:12:06.172526-07:00,28.18418966
2022-06-30 16:12:06.173514-07:00,28.2341546
2022-06-30 16:12:06.298467-07:00,32.48408736
2022-06-30 16:12:06.299509-07:00,32.53398794
2022-06-30 16:12:06.300184-07:00,26.58385633
2022-06-30 16:12:06.319589-07:00,26.63369253
2022-06-30 16:12:06.439229-07:00,30.18349656
2022-06-30 16:12:06.440233-07:00,30.23326839
2022-06-30 16:12:06.478175-07:00,22.58300804
2022-06-30 16:12:06.519963-07:00,22.63271551
2022-06-30 16:12:06.560131-07:00,20.98239079
2022-06-30 16:12:06.637555-07:00,21.03203389
2022-06-30 16:12:06.678179-07:00,26.1816448
2022-06-30 16:12:06.720000-07:00,21.93122353
2022-06-30 16:12:06.759997-07:00,21.98077007
2022-06-30 16:12:06.838088-07:00,22.93028443
2022-06-30 16:12:06.878193-07:00,22.9797666
2022-06-30 16:12:06.918991-07:00,26.42921659
2022-06-30 16:12:06.959601-07:00,26.47863439
2022-06-30 16:12:07.108175-07:00,23.12802001
2022-06-30 16:12:07.110059-07:00,23.17737344
2022-06-30 16:12:07.207964-07:00,23.22669469
2022-06-30 16:12:07.209043-07:00,23.27598375
2022-06-30 16:12:07.239778-07:00,28.42524063
2022-06-30 16:12:07.366915-07:00,28.47446533
2022-06-30 16:12:07.368083-07:00,25.92365784
2022-06-30 16:12:07.368898-07:00,25.97281816
2022-06-30 16:12:07.473987-07:00,26.9219463
2022-06-30 16:12:07.477387-07:00,26.97104226
2022-06-30 16:12:07.518645-07:00,24.42010603
2022-06-30 16:12:07.558825-07:00,24.46913761
2022-06-30 16:12:07.637796-07:00,22.81813701
2022-06-30 16:12:07.677893-07:00,22.86710423
2022-06-30 16:12:07.717560-07:00,24.61603926
2022-06-30 16:12:07.758803-07:00,24.66494211
2022-06-30 16:12:07.839544-07:00,25.61381277
2022-06-30 16:12:07.918941-07:00,25.66265124
2022-06-30 16:12:07.960211-07:00,19.71145754
2022-06-30 16:12:07.961066-07:00,24.86023164
2022-06-30 16:12:08.038228-07:00,24.90897356
2022-06-30 16:12:08.078372-07:00,23.2576833
2022-06-30 16:12:08.118792-07:00,23.30636085
2022-06-30 16:12:08.160283-07:00,20.85500622
2022-06-30 16:12:08.238009-07:00,20.90361941
2022-06-30 16:12:08.277948-07:00,23.4522004
2022-06-30 16:12:08.318255-07:00,23.50074922
2022-06-30 16:12:08.359036-07:00,25.24926585
2022-06-30 16:12:08.440181-07:00,25.29775029
2022-06-30 16:12:08.479038-07:00,20.24620255
2022-06-30 16:12:08.518306-07:00,20.29462262
2022-06-30 16:12:08.560438-07:00,25.44301051
2022-06-30 16:12:08.639570-07:00,25.49136622
2022-06-30 16:12:08.678978-07:00,19.63968974
2022-06-30 16:12:08.718024-07:00,19.68798107
2022-06-30 16:12:08.759952-07:00,36.73624022
2022-06-30 16:12:08.837805-07:00,36.78446719
2022-06-30 16:12:08.880208-07:00,429.932662
2022-06-30 16:12:08.918421-07:00,429.9808246
2022-06-30 16:12:08.960118-07:00,397.428955
2022-06-30 16:12:09.038278-07:00,397.4770532
2022-06-30 16:12:09.079097-07:00,253.6251192
2022-06-30 16:12:09.119004-07:00,253.6731531
2022-06-30 16:12:09.160509-07:00,218.4211548
2022-06-30 16:12:09.238172-07:00,198.2691243
2022-06-30 16:12:09.278399-07:00,198.3170616
2022-06-30 16:12:09.318334-07:00,183.4649667
2022-06-30 16:12:09.398900-07:00,183.5128396
2022-06-30 16:12:09.400844-07:00,175.7606804
2022-06-30 16:12:09.478160-07:00,175.8084889
2022-06-30 16:12:09.661930-07:00,166.2562653
2022-06-30 16:12:09.663676-07:00,166.3040095
2022-06-30 16:12:09.671103-07:00,161.9517215
2022-06-30 16:12:09.794513-07:00,161.9994013
2022-06-30 16:12:09.795212-07:00,152.447049
2022-06-30 16:12:09.795717-07:00,152.4946644
2022-06-30 16:12:09.799823-07:00,147.3422477
2022-06-30 16:12:09.878202-07:00,147.3897988
2022-06-30 16:12:09.919435-07:00,144.8373177
2022-06-30 16:12:09.958271-07:00,144.8848044
2022-06-30 16:12:09.999722-07:00,143.1322589
2022-06-30 16:12:10.079221-07:00,143.1796813
2022-06-30 16:12:10.119503-07:00,137.2270714
2022-06-30 16:12:10.160513-07:00,137.2744294
2022-06-30 16:12:10.200335-07:00,137.3217552
2022-06-30 16:12:10.278946-07:00,137.3690488
2022-06-30 16:12:10.318187-07:00,129.5163102
2022-06-30 16:12:10.358673-07:00,129.5635395
2022-06-30 16:12:10.399976-07:00,128.8107365
2022-06-30 16:12:10.479044-07:00,127.9579014
2022-06-30 16:12:10.520020-07:00,128.0050341
2022-06-30 16:12:10.558815-07:00,124.5521345
2022-06-30 16:12:10.600412-07:00,124.5992029
2022-06-30 16:12:10.678218-07:00,116.846239
2022-06-30 16:12:10.719146-07:00,116.8932429
2022-06-30 16:12:10.760551-07:00,123.0402147
2022-06-30 16:12:10.800497-07:00,123.0871543
2022-06-30 16:12:10.880058-07:00,115.3340617
2022-06-30 16:12:10.919559-07:00,115.3809369
2022-06-30 16:12:10.960973-07:00,112.8277799
2022-06-30 16:12:10.999901-07:00,112.8745907
2022-06-30 16:12:11.079887-07:00,114.7213694
2022-06-30 16:12:11.198985-07:00,114.7681158
2022-06-30 16:12:11.200181-07:00,114.8148301
2022-06-30 16:12:11.201075-07:00,114.8615122
2022-06-30 16:12:11.277328-07:00,111.4081621
2022-06-30 16:12:11.318341-07:00,111.4547798
2022-06-30 16:12:11.360576-07:00,114.1013654
2022-06-30 16:12:11.400113-07:00,114.1479187
2022-06-30 16:12:11.488924-07:00,103.7944399
2022-06-30 16:12:11.518911-07:00,103.8409289
2022-06-30 16:12:11.560131-07:00,108.1873857
2022-06-30 16:12:11.600741-07:00,112.6338103
2022-06-30 16:12:11.640341-07:00,112.6802027
2022-06-30 16:12:11.720356-07:00,106.626563
2022-06-30 16:12:11.757467-07:00,106.672891
2022-06-30 16:12:11.799891-07:00,101.5191869
2022-06-30 16:12:11.839907-07:00,101.5654506
2022-06-30 16:12:11.918087-07:00,102.5116821
2022-06-30 16:12:11.958029-07:00,102.5578814
2022-06-30 16:12:12.000186-07:00,104.3040486
2022-06-30 16:12:12.041205-07:00,104.3501835
2022-06-30 16:12:12.119109-07:00,100.9962863
2022-06-30 16:12:12.200192-07:00,101.0423569
2022-06-30 16:12:12.201415-07:00,103.5883953
2022-06-30 16:12:12.240586-07:00,103.6344015
2022-06-30 16:12:12.318076-07:00,97.68037552
2022-06-30 16:12:12.360322-07:00,97.72631737
2022-06-30 16:12:12.400550-07:00,99.47222703
2022-06-30 16:12:12.439478-07:00,99.5181045
2022-06-30 16:12:12.518134-07:00,101.3639498
2022-06-30 16:12:12.558051-07:00,101.4097629
2022-06-30 16:12:12.600085-07:00,100.5555438
2022-06-30 16:12:12.679154-07:00,100.6012926
2022-06-30 16:12:12.719996-07:00,96.3470091
2022-06-30 16:12:12.759996-07:00,96.39269347
2022-06-30 16:12:12.798187-07:00,96.43834565
2022-06-30 16:12:12.839581-07:00,90.38396565
2022-06-30 16:12:12.920704-07:00,90.42955346
2022-06-30 16:12:12.959418-07:00,88.77510909
2022-06-30 16:12:12.997457-07:00,88.82063253
2022-06-30 16:12:13.038534-07:00,89.76612378
2022-06-30 16:12:13.117990-07:00,89.81158286
2022-06-30 16:12:13.159524-07:00,95.05700974
2022-06-30 16:12:13.198487-07:00,95.10240445
2022-06-30 16:12:13.239956-07:00,93.34776696
2022-06-30 16:12:13.319353-07:00,93.3930973
2022-06-30 16:12:13.358046-07:00,91.73839545
2022-06-30 16:12:13.399776-07:00,91.78366141
2022-06-30 16:12:13.508593-07:00,90.92889519
2022-06-30 16:12:13.591947-07:00,90.97409678
2022-06-30 16:12:13.599342-07:00,90.21926619
2022-06-30 16:12:13.600296-07:00,90.26440341
2022-06-30 16:12:13.679347-07:00,86.80950845
2022-06-30 16:12:13.680447-07:00,86.85458131
2022-06-30 16:12:13.757467-07:00,89.49962198
2022-06-30 16:12:13.839036-07:00,89.54463046
2022-06-30 16:12:13.840852-07:00,91.28960676
2022-06-30 16:12:13.917727-07:00,91.33455088
2022-06-30 16:12:13.959474-07:00,82.77946281
2022-06-30 16:12:13.999755-07:00,82.82434256
2022-06-30 16:12:14.039905-07:00,87.16919012
2022-06-30 16:12:14.079800-07:00,86.41400549
2022-06-30 16:12:14.158028-07:00,86.45878868
2022-06-30 16:12:14.197940-07:00,83.90353969
2022-06-30 16:12:14.239848-07:00,83.94825851
2022-06-30 16:12:14.279818-07:00,82.29294515
2022-06-30 16:12:14.360082-07:00,82.3375996
2022-06-30 16:12:14.397869-07:00,80.58222187
2022-06-30 16:12:14.439829-07:00,80.62681195
2022-06-30 16:12:14.478914-07:00,80.67136985
2022-06-30 16:12:14.559134-07:00,80.71589556
2022-06-30 16:12:14.597962-07:00,80.76038909
2022-06-30 16:12:14.637857-07:00,80.80485043
2022-06-30 16:12:14.679784-07:00,85.14927959
2022-06-30 16:12:14.758105-07:00,85.19367656
2022-06-30 16:12:14.797943-07:00,85.23804135
2022-06-30 16:12:14.838565-07:00,85.28237396
2022-06-30 16:12:14.959017-07:00,76.72667438
2022-06-30 16:12:14.960135-07:00,76.77094261
2022-06-30 16:12:15.039410-07:00,78.61517866
2022-06-30 16:12:15.041057-07:00,78.65938253
2022-06-30 16:12:15.079051-07:00,77.80355421
2022-06-30 16:12:15.159201-07:00,77.8476937
2022-06-30 16:12:15.237760-07:00,77.89180101
2022-06-30 16:12:15.238993-07:00,77.93587614
2022-06-30 16:12:15.318966-07:00,84.87991908
2022-06-30 16:12:15.359923-07:00,85.72392983
2022-06-30 16:12:15.397964-07:00,85.76790841
2022-06-30 16:12:15.437777-07:00,78.11185479
2022-06-30 16:12:15.479951-07:00,78.15576899
2022-06-30 16:12:15.557860-07:00,81.59965101
2022-06-30 16:12:15.601083-07:00,81.64350084
2022-06-30 16:12:15.637062-07:00,76.58731849
2022-06-30 16:12:15.719544-07:00,76.63110395
2022-06-30 16:12:15.757947-07:00,78.37485723
2022-06-30 16:12:15.797925-07:00,78.41857832
2022-06-30 16:12:15.837831-07:00,79.36226723
2022-06-30 16:12:15.879858-07:00,79.40592395
2022-06-30 16:12:15.958042-07:00,79.44954849
2022-06-30 16:12:16.174231-07:00,79.49314085
2022-06-30 16:12:16.175950-07:00,76.93670101
2022-06-30 16:12:16.176821-07:00,76.980229
2022-06-30 16:12:16.198426-07:00,76.1237248
2022-06-30 16:12:16.286086-07:00,76.16718841
2022-06-30 16:12:16.287099-07:00,81.41061984
2022-06-30 16:12:16.287886-07:00,81.45401909
2022-06-30 16:12:16.359901-07:00,75.49738615
2022-06-30 16:12:16.438699-07:00,75.54072102
2022-06-30 16:12:16.440361-07:00,73.78402371
2022-06-30 16:12:16.479802-07:00,73.82729422
2022-06-30 16:12:16.557927-07:00,73.87053254
2022-06-30 16:12:16.598587-07:00,72.21373867
2022-06-30 16:12:16.639874-07:00,72.25691263
2022-06-30 16:12:16.679766-07:00,76.60005439
2022-06-30 16:12:16.761080-07:00,76.64316397
2022-06-30 16:12:16.799033-07:00,75.88624137
2022-06-30 16:12:16.837852-07:00,75.92928658
2022-06-30 16:12:16.879168-07:00,76.77229961
2022-06-30 16:12:16.958405-07:00,76.81528045
2022-06-30 16:12:16.997895-07:00,70.85822911
2022-06-30 16:12:17.037835-07:00,70.90114558
2022-06-30 16:12:17.159997-07:00,69.24402987
2022-06-30 16:12:17.241654-07:00,69.28688197
2022-06-30 16:12:17.242655-07:00,77.02970189
2022-06-30 16:12:17.243492-07:00,77.07248962
2022-06-30 16:12:17.369565-07:00,73.71524517
2022-06-30 16:12:17.370894-07:00,73.75796854
2022-06-30 16:12:17.494153-07:00,80.70065972
2022-06-30 16:12:17.495121-07:00,80.74331871
2022-06-30 16:12:17.495898-07:00,73.88594552
2022-06-30 16:12:17.519623-07:00,73.92854014
2022-06-30 16:12:17.597869-07:00,73.07110258
2022-06-30 16:12:17.638095-07:00,73.11363284
2022-06-30 16:12:17.677785-07:00,73.15613091
2022-06-30 16:12:17.719771-07:00,73.1985968
2022-06-30 16:12:17.797253-07:00,71.5410305
2022-06-30 16:12:17.878682-07:00,69.88343201
2022-06-30 16:12:17.880771-07:00,69.92580134
2022-06-30 16:12:17.959033-07:00,72.56813849
2022-06-30 16:12:17.997880-07:00,72.61044345
2022-06-30 16:12:18.037651-07:00,71.75271623
2022-06-30 16:12:18.077067-07:00,71.79495682
2022-06-30 16:12:18.119979-07:00,74.43716523
2022-06-30 16:12:18.197934-07:00,74.47934145
2022-06-30 16:12:18.238446-07:00,109.8214855
2022-06-30 16:12:18.318873-07:00,109.8635973
2022-06-30 16:12:18.320022-07:00,422.205677
2022-06-30 16:12:18.399945-07:00,422.2477245
2022-06-30 16:12:18.438017-07:00,391.4897398
2022-06-30 16:12:18.479640-07:00,391.5317229
2022-06-30 16:12:18.519530-07:00,200.5736738
2022-06-30 16:12:18.616340-07:00,200.6155926
2022-06-30 16:12:18.718744-07:00,168.3574791
2022-06-30 16:12:18.719805-07:00,168.3993335
2022-06-30 16:12:18.720679-07:00,146.6411557
2022-06-30 16:12:18.798277-07:00,146.6829457
2022-06-30 16:12:18.840389-07:00,138.9247035
2022-06-30 16:12:18.878820-07:00,138.9664292
2022-06-30 16:12:18.920477-07:00,132.0081226
2022-06-30 16:12:18.999855-07:00,131.2497839
2022-06-30 16:12:19.038042-07:00,131.291413
2022-06-30 16:12:19.078073-07:00,117.4330098
2022-06-30 16:12:19.120200-07:00,117.4745746
2022-06-30 16:12:19.197918-07:00,108.9161071
2022-06-30 16:12:19.237987-07:00,108.9576074
2022-06-30 16:12:19.364362-07:00,107.2990756
2022-06-30 16:12:19.365550-07:00,107.3405116
2022-06-30 16:12:19.483494-07:00,105.5819153
2022-06-30 16:12:19.484523-07:00,105.6232869
2022-06-30 16:12:19.485326-07:00,104.8646264
2022-06-30 16:12:19.520179-07:00,104.9059336
2022-06-30 16:12:19.597982-07:00,99.74720864
2022-06-30 16:12:19.638091-07:00,99.7884515
2022-06-30 16:12:19.678059-07:00,97.22966218
2022-06-30 16:12:19.720288-07:00,97.27084067
2022-06-30 16:12:19.797960-07:00,94.71198698
2022-06-30 16:12:19.879323-07:00,94.75310111
2022-06-30 16:12:19.880447-07:00,96.49418305
2022-06-30 16:12:19.918078-07:00,96.5352328
2022-06-30 16:12:19.959320-07:00,91.47625037
2022-06-30 16:12:20.119518-07:00,91.51723575
2022-06-30 16:12:20.120640-07:00,88.05818895
2022-06-30 16:12:20.121469-07:00,88.09910997
2022-06-30 16:12:20.239451-07:00,86.4399988
2022-06-30 16:12:20.240508-07:00,89.88085544
2022-06-30 16:12:20.279958-07:00,89.9216799
2022-06-30 16:12:20.357403-07:00,84.86247218
2022-06-30 16:12:20.361052-07:00,84.90323227
2022-06-30 16:12:20.479779-07:00,82.34396018
2022-06-30 16:12:20.480839-07:00,82.3846559
2022-06-30 16:12:20.520066-07:00,81.52531943
2022-06-30 16:12:20.559772-07:00,81.56595079
2022-06-30 16:12:20.637933-07:00,78.20654995
2022-06-30 16:12:20.677899-07:00,78.24711693
2022-06-30 16:12:20.718004-07:00,74.88765173
2022-06-30 16:12:20.759303-07:00,74.92815434
2022-06-30 16:12:20.837888-07:00,77.46862477
2022-06-30 16:12:20.877488-07:00,77.50906301
2022-06-30 16:12:20.917365-07:00,69.04946907
2022-06-30 16:12:21.039870-07:00,69.08984295
2022-06-30 16:12:21.041427-07:00,76.83018463
2022-06-30 16:12:21.077934-07:00,76.87049414
2022-06-30 16:12:21.158573-07:00,73.51077146
2022-06-30 16:12:21.160336-07:00,73.55101659
2022-06-30 16:12:21.241369-07:00,70.99122954
2022-06-30 16:12:21.277704-07:00,71.0314103
2022-06-30 16:12:21.318090-07:00,75.37155888
2022-06-30 16:12:21.359678-07:00,75.41167528
2022-06-30 16:12:21.437532-07:00,69.45175949
2022-06-30 16:12:21.477476-07:00,69.49181151
2022-06-30 16:12:21.518087-07:00,69.53183135
2022-06-30 16:12:21.598527-07:00,70.37181901
2022-06-30 16:12:21.679170-07:00,70.41177448
2022-06-30 16:12:21.680207-07:00,69.65169777
2022-06-30 16:12:21.717983-07:00,69.69158887
2022-06-30 16:12:21.759083-07:00,63.73144778
2022-06-30 16:12:21.837826-07:00,63.77127451
2022-06-30 16:12:21.877868-07:00,68.91106906
2022-06-30 16:12:21.918319-07:00,68.95083142
2022-06-30 16:12:21.959671-07:00,67.2905616
2022-06-30 16:12:21.998440-07:00,67.33025959
2022-06-30 16:12:22.077877-07:00,68.1699254
2022-06-30 16:12:22.117974-07:00,68.20955902
2022-06-30 16:12:22.159750-07:00,66.54916046
2022-06-30 16:12:22.199270-07:00,66.58872971
2022-06-30 16:12:22.277957-07:00,66.62826678
2022-06-30 16:12:22.317981-07:00,66.66777167
2022-06-30 16:12:22.360650-07:00,64.20724436
2022-06-30 16:12:22.400081-07:00,64.24668488
2022-06-30 16:12:22.478574-07:00,65.08609321
2022-06-30 16:12:22.520251-07:00,65.12546935
2022-06-30 16:12:22.560039-07:00,61.76481331
2022-06-30 16:12:22.599666-07:00,61.80412509
2022-06-30 16:12:22.677547-07:00,64.44340468
2022-06-30 16:12:22.759294-07:00,58.48265208
2022-06-30 16:12:22.760215-07:00,58.5218673
2022-06-30 16:12:22.798956-07:00,64.56105034
2022-06-30 16:12:22.878815-07:00,64.60020119
2022-06-30 16:12:22.917529-07:00,69.73931985
2022-06-30 16:12:22.957953-07:00,69.77840633
2022-06-30 16:12:22.998823-07:00,55.21746063
2022-06-30 16:12:23.078398-07:00,55.25648274
2022-06-30 16:12:23.117568-07:00,60.49547267
2022-06-30 16:12:23.158053-07:00,60.53443041
2022-06-30 16:12:23.199470-07:00,58.87335597
2022-06-30 16:12:23.277906-07:00,58.91224934
2022-06-30 16:12:23.317914-07:00,56.35111053
2022-06-30 16:12:23.357965-07:00,56.38993953
2022-06-30 16:12:23.439423-07:00,54.72873635
2022-06-30 16:12:23.478636-07:00,54.76750098
2022-06-30 16:12:23.517842-07:00,55.60623343
2022-06-30 16:12:23.558185-07:00,55.64493369
2022-06-30 16:12:23.641355-07:00,56.58360177
2022-06-30 16:12:23.678070-07:00,56.62223766
2022-06-30 16:12:23.717824-07:00,65.26084137
2022-06-30 16:12:23.757995-07:00,65.2994129
2022-06-30 16:12:23.837506-07:00,58.43795224
2022-06-30 16:12:23.877854-07:00,58.47645939
2022-06-30 16:12:23.959467-07:00,58.51493436
2022-06-30 16:12:23.999300-07:00,56.85337715
2022-06-30 16:12:24.000937-07:00,56.89178775
2022-06-30 16:12:24.077870-07:00,58.63016616
2022-06-30 16:12:24.117449-07:00,58.66851239
2022-06-30 16:12:24.157953-07:00,60.40682644
2022-06-30 16:12:24.239335-07:00,60.4451083
2022-06-30 16:12:24.319211-07:00,51.08335797
2022-06-30 16:12:24.320250-07:00,51.12157547
2022-06-30 16:12:24.359734-07:00,58.85976077
2022-06-30 16:12:24.400244-07:00,58.89791389
2022-06-30 16:12:24.439198-07:00,62.33603483
2022-06-30 16:12:24.557265-07:00,62.37412358
2022-06-30 16:12:24.559309-07:00,44.51218015
2022-06-30 16:12:24.641067-07:00,44.55020453
2022-06-30 16:12:24.642173-07:00,53.98819673
2022-06-30 16:12:24.717779-07:00,54.02615674
2022-06-30 16:12:24.758224-07:00,53.16408457
2022-06-30 16:12:24.798488-07:00,53.20198022
2022-06-30 16:12:24.839781-07:00,55.83984367
2022-06-30 16:12:24.920791-07:00,55.87767495
2022-06-30 16:12:24.998787-07:00,51.61547404
2022-06-30 16:12:25.000602-07:00,51.65324094
2022-06-30 16:12:25.039608-07:00,53.39097566
2022-06-30 16:12:25.201734-07:00,53.42867819
2022-06-30 16:12:25.202942-07:00,51.76634854
2022-06-30 16:12:25.214104-07:00,46.70398671
2022-06-30 16:12:25.337352-07:00,46.74159269
2022-06-30 16:12:25.338318-07:00,51.87916648
2022-06-30 16:12:25.359725-07:00,51.91670809
2022-06-30 16:12:25.397830-07:00,48.55421752
2022-06-30 16:12:25.438079-07:00,48.59169476
2022-06-30 16:12:25.518388-07:00,49.42913982
2022-06-30 16:12:25.557160-07:00,49.46655269
2022-06-30 16:12:25.596855-07:00,52.10393337
2022-06-30 16:12:25.719457-07:00,52.14128188
2022-06-30 16:12:25.720463-07:00,47.07859819
2022-06-30 16:12:25.757688-07:00,47.11588233
2022-06-30 16:12:25.797658-07:00,51.35313427
2022-06-30 16:12:25.878972-07:00,51.39035403
2022-06-30 16:12:25.917752-07:00,49.72754161
2022-06-30 16:12:25.957700-07:00,49.76469701
2022-06-30 16:12:26.041544-07:00,49.00182021
2022-06-30 16:12:26.177402-07:00,49.03891124
2022-06-30 16:12:26.178416-07:00,49.07597007
2022-06-30 16:12:26.180080-07:00,49.11299673
2022-06-30 16:12:26.203064-07:00,49.9499912
2022-06-30 16:12:26.308920-07:00,49.98695348
2022-06-30 16:12:26.318457-07:00,50.02388358
2022-06-30 16:12:26.398220-07:00,50.06078149
2022-06-30 16:12:26.398993-07:00,38.99764722
2022-06-30 16:12:26.477088-07:00,43.33448077
2022-06-30 16:12:26.517081-07:00,43.37128213
2022-06-30 16:12:26.557021-07:00,46.0080513
2022-06-30 16:12:26.598006-07:00,46.04478829
2022-06-30 16:12:26.638586-07:00,49.4814931
2022-06-30 16:12:26.717653-07:00,49.51816572
2022-06-30 16:12:26.758912-07:00,46.95480616
2022-06-30 16:12:26.797586-07:00,46.99141441
2022-06-30 16:12:26.839736-07:00,39.32799047
2022-06-30 16:12:26.918812-07:00,39.36453436
2022-06-30 16:12:26.958930-07:00,50.50104605
2022-06-30 16:12:26.997611-07:00,50.53752556
2022-06-30 16:12:27.078528-07:00,46.37397289
2022-06-30 16:12:27.080314-07:00,46.41038803
2022-06-30 16:12:27.160756-07:00,47.24677099
2022-06-30 16:12:27.197618-07:00,47.28312176
2022-06-30 16:12:27.380095-07:00,43.91944035
2022-06-30 16:12:27.381854-07:00,43.95572675
2022-06-30 16:12:27.383365-07:00,41.39198097
2022-06-30 16:12:27.402606-07:00,41.42820301
2022-06-30 16:12:27.517598-07:00,44.86439286
2022-06-30 16:12:27.520315-07:00,44.90055052
2022-06-30 16:12:27.599215-07:00,44.936676
2022-06-30 16:12:27.600965-07:00,44.97276929
2022-06-30 16:12:27.637600-07:00,42.5088304
2022-06-30 16:12:27.679548-07:00,45.04485933
2022-06-30 16:12:27.757733-07:00,45.08085607
2022-06-30 16:12:27.797670-07:00,41.71682062
2022-06-30 16:12:27.839066-07:00,41.75275299
2022-06-30 16:12:27.878890-07:00,42.68865318
2022-06-30 16:12:27.957693-07:00,42.72452118
2022-06-30 16:12:27.998301-07:00,47.86035699
2022-06-30 16:12:28.036849-07:00,47.89616062
2022-06-30 16:12:28.079511-07:00,44.53193207
2022-06-30 16:12:28.158871-07:00,44.56767133
2022-06-30 16:12:28.197744-07:00,52.30337841
2022-06-30 16:12:28.237557-07:00,52.3390533
2022-06-30 16:12:28.279520-07:00,313.274696
2022-06-30 16:12:28.399152-07:00,313.3103065
2022-06-30 16:12:28.400887-07:00,287.5458849
2022-06-30 16:12:28.438497-07:00,287.581431
2022-06-30 16:12:28.479884-07:00,142.016945
2022-06-30 16:12:28.560873-07:00,142.0524268
2022-06-30 16:12:28.597628-07:00,117.8878764
2022-06-30 16:12:28.637554-07:00,117.9232938
2022-06-30 16:12:28.679586-07:00,104.158679
2022-06-30 16:12:28.759825-07:00,104.1940321
2022-06-30 16:12:28.798691-07:00,99.02935291
2022-06-30 16:12:28.837554-07:00,88.76464159
2022-06-30 16:12:28.879583-07:00,88.79989808
2022-06-30 16:12:28.957025-07:00,89.73512238
2022-06-30 16:12:28.998309-07:00,89.7703145
2022-06-30 16:12:29.038056-07:00,79.50547444
2022-06-30 16:12:29.079802-07:00,79.54060219
2022-06-30 16:12:29.157685-07:00,74.37569775
2022-06-30 16:12:29.197691-07:00,74.41076113
2022-06-30 16:12:29.237536-07:00,67.54579233
2022-06-30 16:12:29.279509-07:00,67.58079134
2022-06-30 16:12:29.398386-07:00,76.21575817
2022-06-30 16:12:29.400425-07:00,76.25069281
2022-06-30 16:12:29.437580-07:00,72.88559526
2022-06-30 16:12:29.558599-07:00,72.92046554
2022-06-30 16:12:29.578228-07:00,64.35530362
2022-06-30 16:12:29.687029-07:00,64.39010952
2022-06-30 16:12:29.688794-07:00,66.12488324
2022-06-30 16:12:29.690354-07:00,66.15962477
2022-06-30 16:12:29.815546-07:00,60.19433412
2022-06-30 16:12:29.839520-07:00,60.22901128
2022-06-30 16:12:29.879070-07:00,59.46365626
2022-06-30 16:12:29.880748-07:00,59.49826906
2022-06-30 16:12:29.957659-07:00,62.03284966
2022-06-30 16:12:29.997673-07:00,62.06739809
2022-06-30 16:12:30.038508-07:00,54.40191433
2022-06-30 16:12:30.077502-07:00,51.93639838
2022-06-30 16:12:30.158697-07:00,51.97085025
2022-06-30 16:12:30.197660-07:00,56.20526993
2022-06-30 16:12:30.237677-07:00,56.23965743
2022-06-30 16:12:30.277553-07:00,53.77401275
2022-06-30 16:12:30.319593-07:00,53.80833588
2022-06-30 16:12:30.397876-07:00,48.74262682
2022-06-30 16:12:30.479347-07:00,48.77688559
2022-06-30 16:12:30.481862-07:00,51.31111216
2022-06-30 16:12:30.519564-07:00,51.34530655
2022-06-30 16:12:30.596979-07:00,48.87946876
2022-06-30 16:12:30.639610-07:00,48.91359878
2022-06-30 16:12:30.677497-07:00,50.64769662
2022-06-30 16:12:30.719571-07:00,50.68176227
2022-06-30 16:12:30.799604-07:00,49.01579573
2022-06-30 16:12:30.836924-07:00,49.04979702
2022-06-30 16:12:30.918341-07:00,49.88376611
2022-06-30 16:12:30.920257-07:00,49.91770303
2022-06-30 16:12:30.997586-07:00,46.55160775
2022-06-30 16:12:31.037437-07:00,46.5854803
2022-06-30 16:12:31.077829-07:00,48.31932065
2022-06-30 16:12:31.118623-07:00,48.35312883
2022-06-30 16:12:31.197597-07:00,43.28690482
2022-06-30 16:12:31.237668-07:00,43.32064862
2022-06-30 16:12:31.277490-07:00,50.15436024
2022-06-30 16:12:31.318578-07:00,43.38803967
2022-06-30 16:12:31.397598-07:00,43.42168692
2022-06-30 16:12:31.437583-07:00,43.45530199
2022-06-30 16:12:31.477535-07:00,43.48888486
2022-06-30 16:12:31.517964-07:00,43.52243556
2022-06-30 16:12:31.635995-07:00,43.55595407
2022-06-30 16:12:31.638407-07:00,35.88944039
2022-06-30 16:12:31.720067-07:00,35.92289454
2022-06-30 16:12:31.721870-07:00,38.55631649
2022-06-30 16:12:31.797545-07:00,38.58970626
2022-06-30 16:12:31.837587-07:00,40.32306385
2022-06-30 16:12:31.877530-07:00,40.35638925
2022-06-30 16:12:32.037544-07:00,39.48968246
2022-06-30 16:12:32.079339-07:00,39.5229435
2022-06-30 16:12:32.081038-07:00,38.75617234
2022-06-30 16:12:32.082562-07:00,38.78936901
2022-06-30 16:12:32.117542-07:00,38.82253348
2022-06-30 16:12:32.198150-07:00,38.85566577
2022-06-30 16:12:32.237007-07:00,38.88876588
2022-06-30 16:12:32.278331-07:00,38.9218338
2022-06-30 16:12:32.319403-07:00,35.45486954
2022-06-30 16:12:32.397541-07:00,35.4878731
2022-06-30 16:12:32.438704-07:00,39.82084446
2022-06-30 16:12:32.477581-07:00,39.85378365
2022-06-30 16:12:32.518514-07:00,39.88669065
2022-06-30 16:12:32.597017-07:00,36.51956546
2022-06-30 16:12:32.637579-07:00,36.55240809
2022-06-30 16:12:32.677543-07:00,37.38521853
2022-06-30 16:12:32.719407-07:00,37.41799679
2022-06-30 16:12:32.757915-07:00,34.95074287
2022-06-30 16:12:32.837626-07:00,34.98345676
2022-06-30 16:12:32.879058-07:00,35.01613846
2022-06-30 16:12:32.917489-07:00,35.04878798
2022-06-30 16:12:32.959548-07:00,33.38140532
2022-06-30 16:12:33.037518-07:00,33.41399047
2022-06-30 16:12:33.077584-07:00,35.94654343
2022-06-30 16:12:33.117463-07:00,35.97906422
2022-06-30 16:12:33.158704-07:00,34.31155281
2022-06-30 16:12:33.238019-07:00,34.34400922
2022-06-30 16:12:33.277544-07:00,30.17643345
2022-06-30 16:12:33.317482-07:00,30.20882549
2022-06-30 16:12:33.358536-07:00,26.84118535
2022-06-30 16:12:33.437721-07:00,26.87351302
2022-06-30 16:12:33.478607-07:00,31.10580851
2022-06-30 16:12:33.517508-07:00,31.13807181
2022-06-30 16:12:33.599681-07:00,31.17030293
2022-06-30 16:12:33.638342-07:00,31.20250186
2022-06-30 16:12:33.677577-07:00,32.13466861
2022-06-30 16:12:33.716709-07:00,32.16680317
2022-06-30 16:12:33.758435-07:00,33.89890555
2022-06-30 16:12:33.837532-07:00,33.03097575
2022-06-30 16:12:33.918127-07:00,33.06301375
2022-06-30 16:12:33.920740-07:00,31.39501958
2022-06-30 16:12:33.958539-07:00,31.42699322
2022-06-30 16:12:34.037471-07:00,28.95893467
2022-06-30 16:12:34.077382-07:00,28.99084394
2022-06-30 16:12:34.117529-07:00,26.42272103
2022-06-30 16:12:34.200725-07:00,26.45456593
2022-06-30 16:12:34.237540-07:00,29.08637864
2022-06-30 16:12:34.277502-07:00,29.11815917
2022-06-30 16:12:34.317779-07:00,27.44990752
2022-06-30 16:12:34.358947-07:00,27.48162368
2022-06-30 16:12:34.478569-07:00,30.91330766
2022-06-30 16:12:34.480937-07:00,30.94495945
2022-06-30 16:12:34.519389-07:00,28.37657905
2022-06-30 16:12:34.559378-07:00,28.40816648
2022-06-30 16:12:34.679757-07:00,24.23972171
2022-06-30 16:12:34.681879-07:00,24.27124476
2022-06-30 16:12:34.719514-07:00,27.70273563
2022-06-30 16:12:34.759376-07:00,27.73419431
2022-06-30 16:12:34.797913-07:00,26.86562081
2022-06-30 16:12:34.878651-07:00,26.89701513
2022-06-30 16:12:34.917458-07:00,23.52837725
2022-06-30 16:12:34.959913-07:00,28.6597072
2022-06-30 16:12:34.998735-07:00,28.69100496
2022-06-30 16:12:35.078803-07:00,29.62227053
2022-06-30 16:12:35.117432-07:00,29.65350392
2022-06-30 16:12:35.159408-07:00,29.68470512
2022-06-30 16:12:35.199509-07:00,29.71587414
2022-06-30 16:12:35.278725-07:00,23.74701098
2022-06-30 16:12:35.316601-07:00,23.77811563
2022-06-30 16:12:35.357915-07:00,23.00918809
2022-06-30 16:12:35.398531-07:00,23.04022837
2022-06-30 16:12:35.477584-07:00,25.57123647
2022-06-30 16:12:35.517482-07:00,25.60221238
2022-06-30 16:12:35.557869-07:00,24.8331561
2022-06-30 16:12:35.637688-07:00,24.86406764
2022-06-30 16:12:35.678246-07:00,23.194947
2022-06-30 16:12:35.716861-07:00,23.22579417
2022-06-30 16:12:35.757619-07:00,24.05660916
2022-06-30 16:12:35.799409-07:00,24.08739196
2022-06-30 16:12:35.878007-07:00,23.31814257
2022-06-30 16:12:35.958441-07:00,23.34886101
2022-06-30 16:12:35.960875-07:00,25.87954725
2022-06-30 16:12:36.041790-07:00,25.91020132
2022-06-30 16:12:36.198714-07:00,24.24082319
2022-06-30 16:12:36.201863-07:00,24.27141289
2022-06-30 16:12:36.202900-07:00,29.40197039
2022-06-30 16:12:36.203842-07:00,22.63249572
2022-06-30 16:12:36.359282-07:00,22.66298886
2022-06-30 16:12:36.361006-07:00,21.89344981
2022-06-30 16:12:36.362134-07:00,21.92387858
2022-06-30 16:12:36.464511-07:00,26.15427516
2022-06-30 16:12:36.495599-07:00,26.18463956
2022-06-30 16:12:36.632454-07:00,24.51497178
2022-06-30 16:12:36.634385-07:00,24.54527181
2022-06-30 16:12:36.635854-07:00,26.27553965
2022-06-30 16:12:36.679622-07:00,26.30577531
2022-06-30 16:12:36.717839-07:00,18.73597879
2022-06-30 16:12:36.757385-07:00,18.76615008
2022-06-30 16:12:36.799298-07:00,16.19628918
2022-06-30 16:12:36.877483-07:00,16.2263961
2022-06-30 16:12:36.917464-07:00,17.15647084
2022-06-30 16:12:36.960156-07:00,17.18651339
2022-06-30 16:12:37.040688-07:00,23.11652376
2022-06-30 16:12:37.077582-07:00,23.14650194
2022-06-30 16:12:37.118039-07:00,19.77644793
2022-06-30 16:12:37.157315-07:00,19.80636175
2022-06-30 16:12:37.199324-07:00,21.53624337
2022-06-30 16:12:37.278681-07:00,21.56609281
2022-06-30 16:12:37.319446-07:00,22.49591007
2022-06-30 16:12:37.356644-07:00,22.52569515
2022-06-30 16:12:37.439028-07:00,21.65544803
2022-06-30 16:12:37.441577-07:00,18.28516874
2022-06-30 16:12:37.518577-07:00,18.31485725
2022-06-30 16:12:37.557821-07:00,21.74451359
2022-06-30 16:12:37.638885-07:00,21.77413774
2022-06-30 16:12:37.640574-07:00,20.1037297
2022-06-30 16:12:37.717448-07:00,20.13328948
2022-06-30 16:12:37.757308-07:00,26.96281707
2022-06-30 16:12:37.799396-07:00,26.99231248
2022-06-30 16:12:37.839372-07:00,21.92177571
2022-06-30 16:12:37.917642-07:00,21.95120675
2022-06-30 16:12:37.957406-07:00,20.2806056
2022-06-30 16:12:38.038887-07:00,20.30997227
2022-06-30 16:12:38.041315-07:00,16.13930676
2022-06-30 16:12:38.117547-07:00,16.16860906
2022-06-30 16:12:38.157608-07:00,19.59787918
2022-06-30 16:12:38.197890-07:00,19.62711711
2022-06-30 16:12:38.237804-07:00,20.45632285
2022-06-30 16:12:38.317531-07:00,20.48549641
2022-06-30 16:12:38.357416-07:00,133.7146378
2022-06-30 16:12:38.397358-07:00,133.743747
2022-06-30 16:12:38.439311-07:00,371.672824
2022-06-30 16:12:38.517547-07:00,371.7018688
2022-06-30 16:12:38.558341-07:00,337.7308814
2022-06-30 16:12:38.597329-07:00,337.7598619
2022-06-30 16:12:38.639294-07:00,196.4888102
2022-06-30 16:12:38.717502-07:00,159.9177263
2022-06-30 16:12:38.757558-07:00,159.9466102
2022-06-30 16:12:38.797370-07:00,140.0754619
2022-06-30 16:12:38.839269-07:00,140.1042814
2022-06-30 16:12:38.917450-07:00,128.8330687
2022-06-30 16:12:38.957442-07:00,128.8618239
2022-06-30 16:12:38.997349-07:00,122.8905469
2022-06-30 16:12:39.039353-07:00,122.9192377
2022-06-30 16:12:39.117505-07:00,111.7478963
2022-06-30 16:12:39.196947-07:00,111.7765227
2022-06-30 16:12:39.198765-07:00,113.5051169
2022-06-30 16:12:39.239327-07:00,113.533679
2022-06-30 16:12:39.318009-07:00,113.5622088
2022-06-30 16:12:39.398573-07:00,113.5907065
2022-06-30 16:12:39.400362-07:00,109.319172
2022-06-30 16:12:39.439717-07:00,109.3476053
2022-06-30 16:12:39.518484-07:00,105.8760064
2022-06-30 16:12:39.667088-07:00,105.9043754
2022-06-30 16:12:39.676064-07:00,93.93271214
2022-06-30 16:12:39.677860-07:00,93.96101672
2022-06-30 16:12:39.803738-07:00,93.9892891
2022-06-30 16:12:39.805862-07:00,94.01752931
2022-06-30 16:12:39.839243-07:00,91.44573732
2022-06-30 16:12:39.841025-07:00,91.47391316
2022-06-30 16:12:39.916803-07:00,93.2020568
2022-06-30 16:12:39.957570-07:00,94.13016827
2022-06-30 16:12:39.999278-07:00,94.15824754
2022-06-30 16:12:40.038386-07:00,84.68629464
2022-06-30 16:12:40.158565-07:00,84.71430955
2022-06-30 16:12:40.160505-07:00,89.04229227
2022-06-30 16:12:40.197312-07:00,89.07024281
2022-06-30 16:12:40.239317-07:00,82.29816116
2022-06-30 16:12:40.318180-07:00,82.32604733
2022-06-30 16:12:40.357444-07:00,86.65390132
2022-06-30 16:12:40.397300-07:00,86.68172312
2022-06-30 16:12:40.439404-07:00,80.60951273
2022-06-30 16:12:40.479032-07:00,80.63727016
2022-06-30 16:12:40.557465-07:00,75.56499541
2022-06-30 16:12:40.597213-07:00,75.59268847
2022-06-30 16:12:40.639727-07:00,77.32034934
2022-06-30 16:12:40.718966-07:00,77.34797803
2022-06-30 16:12:40.757794-07:00,77.37557454
2022-06-30 16:12:40.797395-07:00,77.40313886
2022-06-30 16:12:40.837960-07:00,73.130671
2022-06-30 16:12:40.879225-07:00,73.15817095
2022-06-30 16:12:40.998514-07:00,70.68563871
2022-06-30 16:12:41.000369-07:00,70.7130743
2022-06-30 16:12:41.037752-07:00,81.84047769
2022-06-30 16:12:41.079667-07:00,81.86784891
2022-06-30 16:12:41.157424-07:00,74.19518793
2022-06-30 16:12:41.197852-07:00,73.32249478
2022-06-30 16:12:41.278263-07:00,73.34976943
2022-06-30 16:12:41.280065-07:00,72.57701191
2022-06-30 16:12:41.357511-07:00,72.6042222
2022-06-30 16:12:41.398537-07:00,65.7314003
2022-06-30 16:12:41.437307-07:00,65.75854622
2022-06-30 16:12:41.479470-07:00,62.38565995
2022-06-30 16:12:41.557368-07:00,62.4127415
2022-06-30 16:12:41.597561-07:00,66.73979087
2022-06-30 16:12:41.638031-07:00,66.76680805
2022-06-30 16:12:41.679321-07:00,70.19379304
2022-06-30 16:12:41.757022-07:00,70.22074585
2022-06-30 16:12:41.796830-07:00,65.94766648
2022-06-30 16:12:41.836488-07:00,65.97455492
2022-06-30 16:12:41.877789-07:00,60.90141117
2022-06-30 16:12:41.998862-07:00,60.92823524
2022-06-30 16:12:42.000758-07:00,55.85502713
2022-06-30 16:12:42.036492-07:00,55.88178683
2022-06-30 16:12:42.079371-07:00,67.00851435
2022-06-30 16:12:42.157302-07:00,67.03520968
2022-06-30 16:12:42.197383-07:00,67.86187282
2022-06-30 16:12:42.278057-07:00,67.88850379
2022-06-30 16:12:42.279128-07:00,67.91510256
2022-06-30 16:12:42.357664-07:00,67.94166916
2022-06-30 16:12:42.397081-07:00,62.86820356
2022-06-30 16:12:42.476693-07:00,59.49470579
2022-06-30 16:12:42.480288-07:00,59.52117582
2022-06-30 16:12:42.559215-07:00,61.24761368
2022-06-30 16:12:42.598970-07:00,61.27401934
2022-06-30 16:12:42.637122-07:00,61.30039283
2022-06-30 16:12:42.719450-07:00,61.32673413
2022-06-30 16:12:42.720261-07:00,60.45304324
2022-06-30 16:12:42.797226-07:00,60.47932017
2022-06-30 16:12:42.838371-07:00,58.00556491
2022-06-30 16:12:42.879199-07:00,58.03177747
2022-06-30 16:12:42.919265-07:00,58.85795785
2022-06-30 16:12:42.998536-07:00,58.88410604
2022-06-30 16:12:43.037251-07:00,57.21022204
2022-06-30 16:12:43.079223-07:00,57.23630586
2022-06-30 16:12:43.119510-07:00,55.5623575
2022-06-30 16:12:43.198546-07:00,55.58837695
2022-06-30 16:12:43.237522-07:00,57.31436422
2022-06-30 16:12:43.277506-07:00,57.3403193
2022-06-30 16:12:43.357350-07:00,56.56624219
2022-06-30 16:12:43.398743-07:00,56.5921329
2022-06-30 16:12:43.439020-07:00,59.11799143
2022-06-30 16:12:43.479212-07:00,59.14381777
2022-06-30 16:12:43.518271-07:00,57.46961193
2022-06-30 16:12:43.597398-07:00,57.4953739
2022-06-30 16:12:43.678179-07:00,55.82110369
2022-06-30 16:12:43.680047-07:00,53.24680129
2022-06-30 16:12:43.718158-07:00,53.27246671
2022-06-30 16:12:43.838604-07:00,57.59809994
2022-06-30 16:12:43.840615-07:00,57.62370099
2022-06-30 16:12:43.877408-07:00,49.94926985
2022-06-30 16:12:43.957292-07:00,49.97480653
2022-06-30 16:12:44.038576-07:00,57.70031103
2022-06-30 16:12:44.040477-07:00,57.72578334
2022-06-30 16:12:44.079789-07:00,51.75122346
2022-06-30 16:12:44.119182-07:00,51.7766314
2022-06-30 16:12:44.197312-07:00,56.10200715
2022-06-30 16:12:44.237293-07:00,56.12735072
2022-06-30 16:12:44.277209-07:00,51.85266211
2022-06-30 16:12:44.318824-07:00,51.87794131
2022-06-30 16:12:44.399606-07:00,47.70318832
2022-06-30 16:12:44.437330-07:00,47.72840315
2022-06-30 16:12:44.477231-07:00,52.8535858
2022-06-30 16:12:44.519233-07:00,52.87873626
2022-06-30 16:12:44.597291-07:00,50.30385454
2022-06-30 16:12:44.677917-07:00,50.32894063
2022-06-30 16:12:44.678949-07:00,51.25399453
2022-06-30 16:12:44.719244-07:00,51.27901626
2022-06-30 16:12:44.838472-07:00,51.30400579
2022-06-30 16:12:44.839757-07:00,51.32896315
2022-06-30 16:12:44.877226-07:00,49.65388831
2022-06-30 16:12:44.919251-07:00,47.9787813
2022-06-30 16:12:44.997321-07:00,48.00364209
2022-06-30 16:12:45.036666-07:00,51.42847071
2022-06-30 16:12:45.077240-07:00,51.45326713
2022-06-30 16:12:45.119145-07:00,48.07803138
2022-06-30 16:12:45.197288-07:00,48.10276344
2022-06-30 16:12:45.279155-07:00,47.22746331
2022-06-30 16:12:45.281139-07:00,47.252131
2022-06-30 16:12:45.319110-07:00,46.4767665
2022-06-30 16:12:45.359205-07:00,46.50136982
2022-06-30 16:12:45.437303-07:00,42.22594096
2022-06-30 16:12:45.477234-07:00,42.25047991
2022-06-30 16:12:45.519887-07:00,46.57498667
2022-06-30 16:12:45.558994-07:00,46.59946125
2022-06-30 16:12:45.637267-07:00,46.62390365
2022-06-30 16:12:45.677178-07:00,46.64831386
2022-06-30 16:12:45.719107-07:00,47.47269188
2022-06-30 16:12:45.757647-07:00,47.49703772
2022-06-30 16:12:45.838018-07:00,47.52135138
2022-06-30 16:12:45.956818-07:00,47.54563285
2022-06-30 16:12:45.959357-07:00,49.26988214
2022-06-30 16:12:45.961246-07:00,49.29409924
2022-06-30 16:12:46.037215-07:00,45.01828415
2022-06-30 16:12:46.172902-07:00,51.94243689
2022-06-30 16:12:46.174941-07:00,51.96655743
2022-06-30 16:12:46.176607-07:00,45.9906458
2022-06-30 16:12:46.305141-07:00,46.01470197
2022-06-30 16:12:46.306996-07:00,43.43872597
2022-06-30 16:12:46.317696-07:00,43.46271777
2022-06-30 16:12:46.359110-07:00,46.9866774
2022-06-30 16:12:46.437298-07:00,47.01060484